round,reward
1,0
2,58.77855153273423
3,0
4,50.0
5,0
6,50.0
7,0
8,0
9,50.0
10,0
11,75.65639609052663
12,50.0
13,50.0
14,85.90159791360638
15,85.76019261833282
16,64.17388593419021
17,100
18,100
19,65.26221293247575
20,121.40230837370397
21,86.61715317991174
22,0
23,50.0
24,0
25,76.17947519797886
26,0
27,50.0
28,0
29,50.0
30,0
31,0
32,0
33,0
34,0
35,0
36,229.15774270886936
37,0
38,0
39,0
40,210.50525758086428
41,100
42,162.5879604194524
43,154.1805986098134
44,91.28216463515461
45,100
46,100
47,100
48,95.5090354260148
49,164.0360588935005
50,50.0
51,167.4451136813483
52,50.0
53,107.6500313048906
54,123.46164929732731
55,50.0
56,71.51302014340118
57,156.2812560568932
58,50.0
59,100
60,0
61,114.6357259533369
62,100
63,0
64,0
65,0
66,133.85005425595375
67,0
68,0
69,50.0
70,100
71,0
72,0
73,0
74,0
75,0
76,0
77,0
78,0
79,0
80,0
81,57.73023737632011
82,130.09904974714456
83,100
84,50.0
85,222.34570062620023
86,80.65328146008648
87,100
88,50.0
89,128.52784176577322
90,100
91,50.0
92,0
93,100
94,0
95,100
96,0
97,64.1885300742585
98,0
99,166.81168251494853
100,0
101,271.09900585380717
102,0
103,103.15891211307704
104,183.24731480960043
105,0
106,0
107,50.0
108,250.8767371372886
109,0
110,0
111,50.0
112,52.74384790652044
113,50.0
114,50.0
115,157.40126482114664
116,53.4897520265591
117,100
118,100.12237494507922
119,100
120,0
121,0
122,0
123,0
124,165.94331067417878
125,0
126,0
127,0
128,0
129,0
130,0
131,100
132,104.7904543306263
133,100
134,100
135,156.6196181994077
136,0
137,100
138,0
139,168.6146243924222
140,0
141,0
142,100
143,0
144,0
145,0
146,0
147,118.17480227218198
148,203.41379516441697
149,50.0
150,118.63828440935819
151,0
152,0
153,0
154,0
155,0
156,0
157,0
158,0
159,0
160,0
161,0
162,0
163,0
164,0
165,0
166,0
167,210.48888406866672
168,50.0
169,0
170,83.24578377881676
171,0
172,0
173,0
174,50.0
175,244.12360906961047
176,50.0
177,0
178,0
179,0
180,0
181,50.0
182,0
183,63.043213472131875
184,0
185,116.4177933996367
186,0
187,152.13728079898473
188,0
189,100
190,0
191,100
192,110.87608617924496
193,197.89370948904514
194,93.73684081251784
195,193.50846280266006
196,50.0
197,195.97001023955588
198,50.0
199,169.15097909042348
200,0
201,189.18282145960802
202,134.89750582308443
203,144.13237594470797
204,99.68227142681194
205,171.52003696981785
206,50.0
207,128.2835361212423
208,76.70563364283882
209,100
210,50.0
211,100
212,0
213,100
214,0
215,100
216,0
217,128.0138125640198
218,0
219,145.81244191747567
220,0
221,0
222,0
223,0
224,0
225,0
226,0
227,0
228,0
229,0
230,0
231,50.0
232,68.99694881692382
233,100
234,0
235,177.5277735315866
236,0
237,50.0
238,152.7769206604284
239,0
240,0
241,127.40156259672204
242,0
243,100
244,0
245,137.7852572562097
246,0
247,100
248,0
249,151.46837116442185
250,0
251,116.94867905713895
252,0
253,100
254,120.78699621934994
255,100
256,147.68486768177746
257,50.0
258,100
259,0
260,100
261,110.52590405236394
262,0
263,63.481375324033124
264,0
265,50.0
266,0
267,50.0
268,0
269,50.0
270,0
271,85.6911616584908
272,100
273,50.0
274,100
275,50.0
276,100
277,50.0
278,100
279,54.903358608370716
280,100
281,0
282,0
283,0
284,0
285,0
286,0
287,0
288,0
289,0
290,0
291,0
292,0
293,0
294,0
295,0
296,0
297,0
298,0
299,0
300,0
301,50.0
302,133.96178918813553
303,122.3575037524622
304,50.0
305,100
306,123.8595854016182
307,102.41719366824509
308,109.79516524039408
309,85.79105495485884
310,0
311,154.74437396980173
312,0
313,0
314,0
315,0
316,0
317,0
318,0
319,0
320,0
321,0
322,0
323,0
324,0
325,0
326,0
327,0
328,0
329,0
330,0
331,50.0
332,0
333,50.0
334,0
335,94.7793586850764
336,0
337,50.0
338,0
339,50.36082005417198
340,0
341,67.55628613322867
342,109.70032788808032
343,94.24270394523938
344,100
345,50.0
346,100
347,100
348,106.3855279732611
349,100
350,85.35900646263146
351,100
352,0
353,0
354,114.78706230803297
355,0
356,0
357,0
358,100
359,0
360,0
361,0
362,0
363,0
364,0
365,0
366,0
367,0
368,0
369,0
370,0
371,180.28688408958382
372,50.0
373,106.51720605765253
374,50.0
375,100
376,50.0
377,100
378,83.23304516684588
379,208.42241575486145
380,0
381,0
382,0
383,50.0
384,0
385,83.00008452551921
386,0
387,79.74432277859896
388,0
389,0
390,0
391,0
392,0
393,0
394,0
395,0
396,0
397,0
398,0
399,0
400,0
401,100
402,50.0
403,208.61190834154155
404,101.73760853887595
405,389.8068733340867
406,50.0
407,100
408,50.0
409,154.8368643029799
410,0
411,127.0772285417111
412,50.0
413,100
414,131.64037392123305
415,156.43001333525737
416,59.802509561086886
417,208.3402421975388
418,50.0
419,100
420,115.3701391986863
421,103.1217195907724
422,0
423,128.7504702108831
424,0
425,0
426,0
427,0
428,0
429,0
430,0
431,131.78131116631948
432,0
433,61.29313080923507
434,0
435,50.0
436,0
437,78.19245619105112
438,0
439,50.0
440,0
441,0
442,0
443,0
444,0
445,0
446,0
447,0
448,0
449,0
450,0
451,0
452,0
453,0
454,0
455,0
456,0
457,0
458,0
459,0
460,0
461,57.615703017670995
462,0
463,50.0
464,0
465,81.22729495737177
466,100
467,97.84304180347915
468,0
469,52.64327431946056
470,100
471,50.0
472,100
473,0
474,0
475,186.22925224672122
476,0
477,50.0
478,100
479,0
480,0
481,0
482,0
483,0
484,0
485,0
486,0
487,0
488,0
489,0
490,0
491,116.66209519165179
492,0
493,50.0
494,0
495,128.42597403004848
496,0
497,108.5911476561439
498,0
499,50.0
500,0
501,0
502,0
503,0
504,0
505,0
506,0
507,0
508,0
509,0
510,0
511,50.0
512,100
513,175.22996978245348
514,187.23524602282652
515,50.0
516,112.88960193052783
517,50.0
518,100
519,50.0
520,110.40199297074852
521,0
522,0
523,0
524,0
525,0
526,0
527,0
528,0
529,0
530,0
531,0
532,0
533,0
534,100
535,143.2251043430899
536,0
537,0
538,111.80787281504536
539,0
540,269.5647210317506
541,100
542,0
543,0
544,0
545,0
546,0
547,0
548,0
549,0
550,0
551,50.0
552,100
553,88.07082099181082
554,100
555,60.143803493468205
556,188.5510598555103
557,64.36428310187307
558,127.70281524897968
559,50.0
560,0
561,100
562,0
563,100
564,0
565,100
566,0
567,100
568,0
569,100
570,0
571,111.9982360888486
572,54.109626886322545
573,281.42069960752394
574,50.0
575,100
576,50.0
577,100
578,50.0
579,253.6497353266331
580,50.0
581,116.95228930293135
582,50.0
583,100
584,77.3134932800212
585,105.06367364506703
586,50.0
587,100
588,50.0
589,297.71346513278775
590,0
591,100
592,0
593,114.85162982799612
594,0
595,208.36934245820453
596,0
597,126.74244542299228
598,0
599,100
600,0
601,106.95362496042256
602,0
603,100
604,0
605,100
606,0
607,100
608,0
609,100
610,0
611,0
612,0
613,0
614,0
615,0
616,0
617,0
618,0
619,0
620,0
621,0
622,100
623,0
624,0
625,0
626,0
627,0
628,0
629,0
630,0
631,50.0
632,0
633,0
634,0
635,50.0
636,0
637,0
638,100
639,50.0
640,100
641,0
642,0
643,0
644,0
645,0
646,0
647,0
648,0
649,0
650,171.63271071929347
651,77.15439872398778
652,100
653,105.93733991818422
654,233.90728288535774
655,100
656,74.34979721027642
657,100
658,111.61175638422935
659,334.2010974068556
660,0
661,50.0
662,0
663,121.94046827097668
664,0
665,129.38364174212205
666,0
667,106.57709966824395
668,0
669,50.0
670,0
671,100
672,237.96380797259454
673,244.71676124126878
674,100
675,100
676,127.81695302779205
677,194.73218923372158
678,101.55747858573112
679,159.03046334437576
680,100
681,100
682,0
683,0
684,0
685,0
686,0
687,0
688,126.1229408102442
689,0
690,100
691,0
692,0
693,0
694,0
695,0
696,0
697,0
698,0
699,0
700,0
701,0
702,100
703,100
704,123.64860894632317
705,0
706,368.08617033342466
707,0
708,0
709,0
710,0
711,0
712,0
713,0
714,0
715,0
716,0
717,0
718,0
719,0
720,0
721,100
722,120.21974887974845
723,170.25899375326543
724,51.36407952488143
725,119.59436116919038
726,59.89276107435851
727,100
728,50.0
729,274.89327924033944
730,170.2038413146202
731,50.0
732,0
733,154.95890796002055
734,0
735,142.7410653034878
736,0
737,128.06086355880632
738,0
739,100
740,0
741,0
742,0
743,0
744,0
745,0
746,0
747,0
748,0
749,0
750,0
751,218.63648793070192
752,100
753,135.06950165272082
754,100
755,0
756,100
757,0
758,72.60206383807571
759,100
760,216.92473857365223
761,0
762,0
763,0
764,0
765,0
766,0
767,0
768,0
769,0
770,0
771,0
772,0
773,0
774,0
775,0
776,0
777,0
778,0
779,0
780,0
781,148.7693702386891
782,100
783,100
784,115.7293180748992
785,100
786,116.20685217841071
787,100
788,195.28760578949365
789,100
790,0
791,100
792,0
793,0
794,0
795,0
796,0
797,0
798,110.02531438400301
799,0
800,227.85929509545772
801,100
802,50.0
803,100
804,120.49732222810019
805,100
806,50.0
807,205.9386462110507
808,88.47116684106479
809,116.00301267511341
810,0
811,0
812,0
813,0
814,0
815,0
816,0
817,0
818,0
819,0
820,0
821,50.0
822,0
823,107.48828390528976
824,0
825,186.15432323581277
826,0
827,50.0
828,0
829,50.0
830,0
831,0
832,0
833,0
834,0
835,0
836,0
837,0
838,0
839,0
840,0
841,100
842,267.71280063619315
843,100
844,117.84654485470122
845,100
846,239.70347676238538
847,100
848,100
849,100
850,285.0662094867638
851,0
852,0
853,100
854,0
855,0
856,0
857,0
858,0
859,0
860,0
861,100
862,0
863,0
864,0
865,0
866,0
867,0
868,100
869,0
870,100
871,272.7558071713322
872,0
873,100
874,0
875,0
876,117.83184180459389
877,0
878,0
879,100
880,100
881,125.2830831516968
882,0
883,100
884,0
885,100
886,0
887,100
888,0
889,189.6780041602404
890,0
891,100
892,0
893,246.5075299819606
894,0
895,100
896,0
897,198.96642067848322
898,0
899,203.64320526644332
900,0
901,0
902,0
903,0
904,0
905,0
906,0
907,0
908,0
909,0
910,0
911,100
912,0
913,177.91320848303081
914,0
915,299.5282404990048
916,0
917,112.4507457601286
918,0
919,100
920,0
921,0
922,0
923,0
924,0
925,0
926,0
927,0
928,0
929,0
930,0
931,100
932,107.01821903787601
933,100.09120972300072
934,100
935,237.08811227152486
936,100
937,178.04233315115295
938,100
939,100
940,0
941,166.4811052184459
942,286.6817514130179
943,243.2514050434547
944,50.0
945,100
946,154.16784608150527
947,124.74791863592168
948,100
949,100
950,100
951,0
952,72.08479988745695
953,0
954,310.4960110058354
955,0
956,0
957,0
958,100
959,0
960,0
961,162.13840440833968
962,0
963,171.95288334657383
964,0
965,100
966,0
967,100
968,0
969,100
970,0
971,0
972,0
973,0
974,0
975,0
976,0
977,0
978,0
979,0
980,240.71448554955882
981,0
982,0
983,0
984,0
985,0
986,0
987,0
988,0
989,0
990,0
991,100
992,114.88391501751673
993,138.67310931122654
994,0
995,0
996,194.31936623948954
997,0
998,0
999,100
1000,309.81108016399185
1001,0
1002,0
1003,0
1004,0
1005,0
1006,0
1007,0
1008,0
1009,0
1010,0
1011,100
1012,0
1013,0
1014,0
1015,0
1016,0
1017,0
1018,0
1019,0
1020,0
1021,159.86921073061342
1022,100
1023,100
1024,100
1025,100
1026,192.28756538909062
1027,152.93276037905298
1028,197.43336564151417
1029,100
1030,0
1031,301.9616607581475
1032,100
1033,100
1034,100
1035,146.2740238675025
1036,100
1037,100
1038,211.13091026050068
1039,50.0
1040,100
1041,100
1042,0
1043,103.93377087652289
1044,0
1045,100
1046,0
1047,100
1048,0
1049,174.6954229710708
1050,0
1051,112.5403635773108
1052,116.43159776922481
1053,111.31334189286771
1054,84.61974078006307
1055,152.3751940789818
1056,74.489917515266
1057,88.19685915417553
1058,50.0
1059,152.44496051981605
1060,87.60385970439148
1061,100
1062,52.22251548669769
1063,50.0
1064,50.0
1065,183.9848225233941
1066,85.52932436150604
1067,316.16301616206715
1068,62.34823748483535
1069,143.26456787281404
1070,0
1071,193.75346970048986
1072,100
1073,100
1074,0
1075,0
1076,100
1077,108.52813168396925
1078,50.0
1079,0
1080,50.0
1081,100
1082,0
1083,100
1084,0
1085,0
1086,0
1087,0
1088,0
1089,0
1090,0
1091,0
1092,0
1093,0
1094,0
1095,0
1096,0
1097,0
1098,0
1099,0
1100,0
1101,132.52101199755762
1102,0
1103,100
1104,0
1105,100
1106,0
1107,168.2953883443443
1108,0
1109,162.95882865530325
1110,0
1111,0
1112,0
1113,0
1114,0
1115,0
1116,121.07715050178595
1117,0
1118,0
1119,0
1120,0
1121,0
1122,0
1123,0
1124,0
1125,0
1126,0
1127,0
1128,0
1129,0
1130,0
1131,50.0
1132,100
1133,50.0
1134,100
1135,50.0
1136,123.46393992991125
1137,63.47042928901022
1138,165.17772199482067
1139,168.34873181437626
1140,0
1141,72.32377798041179
1142,100
1143,50.0
1144,100
1145,55.020051079864054
1146,100
1147,58.85136382864766
1148,178.08056765420855
1149,50.0
1150,180.20404081229597
1151,0
1152,0
1153,0
1154,0
1155,0
1156,0
1157,0
1158,0
1159,0
1160,0
1161,151.44193537331245
1162,0
1163,79.23271049429239
1164,0
1165,117.45084079338234
1166,0
1167,100
1168,0
1169,50.0
1170,0
1171,0
1172,0
1173,0
1174,0
1175,0
1176,0
1177,0
1178,0
1179,0
1180,0
1181,100
1182,0
1183,0
1184,0
1185,0
1186,0
1187,0
1188,0
1189,0
1190,0
1191,0
1192,204.29695116044738
1193,100
1194,100
1195,184.71962341088147
1196,161.46012709600114
1197,100
1198,100
1199,0
1200,0
1201,312.57558790730775
1202,0
1203,142.94660149482885
1204,0
1205,201.68467048616677
1206,0
1207,100
1208,0
1209,100
1210,0
1211,100
1212,0
1213,0
1214,0
1215,0
1216,0
1217,0
1218,0
1219,0
1220,0
1221,100
1222,100
1223,197.85622484161775
1224,171.14837188462184
1225,100
1226,100
1227,276.03695067100983
1228,179.3322013983848
1229,199.01394750901096
1230,0
1231,0
1232,0
1233,0
1234,0
1235,0
1236,0
1237,0
1238,0
1239,0
1240,0
1241,102.14608476680404
1242,0
1243,0
1244,316.9845595168983
1245,0
1246,0
1247,0
1248,259.1604776915667
1249,0
1250,141.79575565271037
1251,100
1252,100
1253,100
1254,240.41773869729641
1255,131.44589006659152
1256,131.88208875247733
1257,100
1258,260.05228457470434
1259,100
1260,158.16722195606138
1261,230.7494953798603
1262,0
1263,0
1264,0
1265,0
1266,0
1267,0
1268,0
1269,100
1270,0
1271,0
1272,0
1273,0
1274,0
1275,0
1276,0
1277,0
1278,0
1279,0
1280,0
1281,0
1282,53.22047226471087
1283,286.9600080421319
1284,0
1285,100
1286,223.91779595372356
1287,110.23512492866122
1288,0
1289,100
1290,0
1291,100
1292,0
1293,0
1294,0
1295,0
1296,0
1297,0
1298,0
1299,0
1300,0
1301,0
1302,0
1303,0
1304,0
1305,0
1306,0
1307,0
1308,0
1309,0
1310,0
1311,100
1312,250.44355794009462
1313,62.50297064653677
1314,100
1315,100
1316,155.80473719561436
1317,100
1318,168.79464995252982
1319,170.60617884557396
1320,116.05889186041183
1321,109.10790545418934
1322,0
1323,64.53101424520948
1324,0
1325,50.0
1326,0
1327,105.5593514015741
1328,0
1329,92.34852331154856
1330,0
1331,0
1332,0
1333,0
1334,0
1335,0
1336,0
1337,0
1338,0
1339,0
1340,0
1341,349.387623865199
1342,50.0
1343,130.38106846499653
1344,100
1345,104.09418526678105
1346,100
1347,125.75488858626359
1348,100
1349,100
1350,0
1351,0
1352,223.44223197363758
1353,0
1354,0
1355,0
1356,0
1357,0
1358,0
1359,0
1360,209.15685876670003
1361,100
1362,50.0
1363,145.32335368311323
1364,50.0
1365,100
1366,50.0
1367,100
1368,50.0
1369,100
1370,0
1371,123.04626433104791
1372,0
1373,242.03624748084894
1374,0
1375,100
1376,0
1377,100
1378,0
1379,100
1380,0
1381,132.34246075846144
1382,55.6031203336805
1383,124.8233001327952
1384,95.381890575724
1385,164.51440861843966
1386,50.0
1387,150.65931051252983
1388,61.242750586147196
1389,244.0565712588519
1390,99.94782455303083
1391,100
1392,0
1393,100
1394,0
1395,100
1396,0
1397,100
1398,0
1399,217.60708604349148
1400,0
1401,0
1402,0
1403,0
1404,0
1405,0
1406,0
1407,0
1408,0
1409,0
1410,0
1411,50.0
1412,0
1413,90.02602696129472
1414,0
1415,140.527064785139
1416,0
1417,64.73048498950935
1418,0
1419,50.0
1420,0
1421,0
1422,0
1423,0
1424,0
1425,0
1426,0
1427,377.35563641143125
1428,0
1429,0
1430,0
1431,0
1432,125.99443312225404
1433,112.5800884406974
1434,0
1435,100
1436,0
1437,0
1438,157.06653097193566
1439,180.58925420210795
1440,0
1441,100
1442,0
1443,207.89618254101538
1444,0
1445,124.50992545109237
1446,0
1447,100
1448,0
1449,100
1450,0
1451,113.776295495488
1452,0
1453,100
1454,0
1455,50.0
1456,50.0
1457,100
1458,0
1459,100
1460,0
1461,0
1462,0
1463,0
1464,0
1465,0
1466,0
1467,0
1468,0
1469,0
1470,0
1471,100
1472,0
1473,100
1474,0
1475,136.15627408435657
1476,0
1477,100
1478,0
1479,207.29674271655503
1480,0
1481,100
1482,100
1483,262.20912856761856
1484,100
1485,253.57547059118974
1486,120.21279529098439
1487,133.28773529160497
1488,100
1489,100
1490,167.00748488042603
1491,100
1492,178.75263849327365
1493,166.52102307168587
1494,100
1495,100
1496,221.7805767676794
1497,100
1498,152.61814785083928
1499,100
1500,0
1501,0
1502,0
1503,0
1504,0
1505,0
1506,0
1507,0
1508,0
1509,0
1510,0
1511,100
1512,100
1513,162.8486055273197
1514,50.0
1515,0
1516,100
1517,68.20272250251325
1518,0
1519,0
1520,100
1521,127.40052165033008
1522,50.0
1523,100
1524,50.0
1525,50.0
1526,50.0
1527,205.31954703149484
1528,50.0
1529,116.07531012068519
1530,50.0
1531,0
1532,0
1533,0
1534,0
1535,0
1536,0
1537,0
1538,0
1539,0
1540,0
1541,0
1542,0
1543,0
1544,0
1545,0
1546,0
1547,0
1548,0
1549,0
1550,0
1551,55.554954285882474
1552,0
1553,50.0
1554,0
1555,50.0
1556,0
1557,50.0
1558,0
1559,65.75864037044676
1560,0
1561,50.0
1562,112.84012609618428
1563,0
1564,0
1565,0
1566,50.0
1567,50.0
1568,50.0
1569,50.0
1570,117.85302773247835
1571,50.0
1572,143.60592160778697
1573,55.15755128503618
1574,100
1575,73.74990679406001
1576,109.92762421851145
1577,50.0
1578,118.21021543088499
1579,143.2568245129071
1580,0
1581,0
1582,100
1583,0
1584,100
1585,0
1586,0
1587,0
1588,0
1589,0
1590,0
1591,0
1592,0
1593,100
1594,116.86521445653476
1595,100
1596,144.28451631488093
1597,141.91085448560182
1598,0
1599,0
1600,0
1601,100
1602,0
1603,160.3659380532281
1604,0
1605,146.34552665469636
1606,0
1607,100
1608,0
1609,209.43436037063333
1610,0
1611,0
1612,0
1613,0
1614,0
1615,0
1616,0
1617,0
1618,0
1619,0
1620,100
1621,50.0
1622,100
1623,50.0
1624,50.0
1625,100
1626,149.20862078792578
1627,104.17218416414235
1628,100
1629,100
1630,0
1631,0
1632,0
1633,100
1634,0
1635,0
1636,0
1637,135.52114721595385
1638,100
1639,0
1640,0
1641,0
1642,0
1643,0
1644,0
1645,0
1646,0
1647,0
1648,0
1649,0
1650,0
1651,100.90072584825351
1652,100
1653,288.7731590123368
1654,100
1655,69.67021849491982
1656,141.86715227060154
1657,139.30551412382198
1658,232.25783238259558
1659,100
1660,100
1661,293.93050240483706
1662,0
1663,181.00359443615372
1664,0
1665,100
1666,0
1667,142.9151085501128
1668,0
1669,164.81386213275565
1670,0
1671,100
1672,0
1673,0
1674,0
1675,0
1676,220.4250367869853
1677,0
1678,100
1679,0
1680,225.42998214656802
1681,249.18683215209595
1682,0
1683,0
1684,0
1685,0
1686,0
1687,0
1688,0
1689,0
1690,0
1691,0
1692,0
1693,0
1694,0
1695,0
1696,0
1697,0
1698,0
1699,0
1700,0
1701,0
1702,0
1703,0
1704,0
1705,111.18167569282663
1706,50.0
1707,198.6675700467038
1708,128.90004389020254
1709,0
1710,0
1711,0
1712,0
1713,0
1714,0
1715,0
1716,0
1717,0
1718,0
1719,0
1720,0
1721,105.47805566068457
1722,100
1723,116.88199221304069
1724,100
1725,100
1726,134.16816072238316
1727,100
1728,218.39031897012347
1729,234.39789557240368
1730,0
1731,0
1732,0
1733,0
1734,0
1735,0
1736,0
1737,0
1738,0
1739,0
1740,0
1741,100
1742,0
1743,156.06667559252122
1744,0
1745,100
1746,0
1747,158.7913754692397
1748,0
1749,100
1750,0
1751,144.09027053538432
1752,388.5374179954335
1753,100
1754,117.99399481833669
1755,220.3691510030617
1756,100
1757,109.76973764290898
1758,154.734763456076
1759,185.28051697657705
1760,149.7533431012588
1761,162.30623602377008
1762,100
1763,165.31868159435385
1764,100
1765,100
1766,143.9937834409782
1767,100
1768,100
1769,100
1770,0
1771,0
1772,0
1773,0
1774,0
1775,0
1776,0
1777,0
1778,0
1779,0
1780,0
1781,100
1782,0
1783,100
1784,0
1785,240.39601099961908
1786,0
1787,198.63687540778466
1788,0
1789,224.8962737800453
1790,0
1791,0
1792,0
1793,0
1794,100
1795,100
1796,0
1797,0
1798,113.04754046717636
1799,0
1800,0
1801,219.5518807642298
1802,0
1803,0
1804,0
1805,0
1806,0
1807,0
1808,0
1809,0
1810,0
1811,0
1812,0
1813,0
1814,0
1815,0
1816,0
1817,0
1818,0
1819,0
1820,0
1821,0
1822,0
1823,0
1824,0
1825,0
1826,0
1827,0
1828,0
1829,0
1830,0
1831,197.49628453061337
1832,238.00273449016765
1833,100
1834,235.55685640454877
1835,100
1836,190.76112973857857
1837,212.02271749025425
1838,100
1839,100
1840,100
1841,0
1842,0
1843,0
1844,0
1845,0
1846,0
1847,0
1848,0
1849,100
1850,0
1851,210.69883314937772
1852,0
1853,100
1854,0
1855,100
1856,0
1857,100
1858,0
1859,109.15959564851845
1860,0
1861,0
1862,0
1863,0
1864,0
1865,0
1866,0
1867,0
1868,0
1869,0
1870,0
1871,100
1872,181.40603492961344
1873,100
1874,288.4479022351618
1875,115.43126132055622
1876,270.0705848127361
1877,100
1878,184.59891276683422
1879,129.90321839756365
1880,100
1881,0
1882,0
1883,50.0
1884,0
1885,0
1886,0
1887,0
1888,0
1889,100
1890,0
1891,100
1892,0
1893,0
1894,0
1895,0
1896,0
1897,0
1898,0
1899,0
1900,148.29782405293147
1901,100
1902,100
1903,194.66999054870547
1904,248.44413185745412
1905,100
1906,100
1907,100
1908,113.18815388213137
1909,100
1910,0
1911,0
1912,0
1913,0
1914,0
1915,0
1916,0
1917,0
1918,0
1919,0
1920,0
1921,0
1922,100
1923,50.0
1924,285.7093077768269
1925,0
1926,100
1927,100
1928,0
1929,0
1930,210.14951395529513
1931,0
1932,0
1933,0
1934,0
1935,0
1936,0
1937,0
1938,0
1939,0
1940,0
1941,100
1942,0
1943,0
1944,0
1945,0
1946,0
1947,116.09820641556244
1948,0
1949,109.95541206777428
1950,0
1951,198.75876207599623
1952,100
1953,137.33507716516482
1954,100
1955,151.35507488018862
1956,100
1957,100
1958,100
1959,100
1960,100
1961,0
1962,0
1963,0
1964,0
1965,0
1966,0
1967,0
1968,0
1969,0
1970,0
1971,0
1972,0
1973,0
1974,0
1975,0
1976,0
1977,0
1978,0
1979,0
1980,0
1981,100
1982,100
1983,100
1984,100
1985,100
1986,100
1987,141.62495667658192
1988,136.099525742356
1989,100
1990,0
1991,100
1992,0
1993,251.09898842844473
1994,0
1995,133.82104850690888
1996,0
1997,270.020098595568
1998,0
1999,100
2000,0
2001,100
2002,0
2003,0
2004,0
2005,0
2006,0
2007,0
2008,0
2009,0
2010,0
2011,100
2012,103.18685794693117
2013,100
2014,100
2015,100
2016,100
2017,100
2018,100
2019,198.57115762459534
2020,0
2021,0
2022,0
2023,0
2024,0
2025,0
2026,0
2027,0
2028,0
2029,0
2030,0
2031,0
2032,0
2033,0
2034,0
2035,0
2036,0
2037,0
2038,0
2039,0
2040,0
2041,283.97632869129905
2042,0
2043,100
2044,0
2045,100
2046,0
2047,100
2048,0
2049,100
2050,0
2051,230.36569855610588
2052,106.94025317289709
2053,156.7807599528734
2054,116.84353120883739
2055,188.4478666465575
2056,0
2057,100
2058,100
2059,0
2060,129.1213139758377
2061,100
2062,111.70852026240887
2063,100
2064,100
2065,262.3062211682855
2066,179.847412424384
2067,100
2068,50.0
2069,100
2070,143.33717731403493
2071,205.7312655619756
2072,0
2073,0
2074,0
2075,0
2076,0
2077,0
2078,0
2079,0
2080,0
2081,100
2082,0
2083,113.06355952725637
2084,0
2085,55.068554284880626
2086,0
2087,100
2088,0
2089,50.0
2090,0
2091,0
2092,0
2093,0
2094,0
2095,0
2096,0
2097,0
2098,0
2099,0
2100,0
2101,129.00861308440915
2102,0
2103,226.1652155081713
2104,100
2105,0
2106,208.485795798754
2107,144.36870147432649
2108,100
2109,100
2110,0
2111,0
2112,0
2113,0
2114,0
2115,0
2116,0
2117,0
2118,0
2119,0
2120,0
2121,0
2122,0
2123,138.35212664978155
2124,0
2125,0
2126,0
2127,0
2128,0
2129,0
2130,0
2131,233.95743453858378
2132,100
2133,101.62009513761504
2134,100
2135,124.02685804933486
2136,241.16132841564055
2137,375.80486897050076
2138,100
2139,196.89948619335462
2140,264.5274798982883
2141,100
2142,0
2143,0
2144,0
2145,0
2146,0
2147,0
2148,0
2149,0
2150,0
2151,152.77362809678547
2152,145.1016779591255
2153,100
2154,287.81604954434505
2155,147.5552726338181
2156,50.0
2157,134.94856718294264
2158,100
2159,100
2160,0
2161,100
2162,0
2163,100
2164,0
2165,259.0321298851025
2166,0
2167,100
2168,0
2169,126.98034599429604
2170,0
2171,100
2172,57.104194713383926
2173,129.80879466094441
2174,95.45319620812724
2175,275.8325170895803
2176,104.39252015817166
2177,101.45092622180606
2178,120.50762369141859
2179,100
2180,0
2181,0
2182,0
2183,0
2184,0
2185,0
2186,0
2187,0
2188,0
2189,0
2190,0
2191,0
2192,0
2193,0
2194,0
2195,0
2196,0
2197,0
2198,0
2199,0
2200,0
2201,149.56149890812077
2202,0
2203,0
2204,0
2205,100
2206,0
2207,0
2208,100
2209,0
2210,100
2211,100
2212,0
2213,100
2214,0
2215,277.08164665754316
2216,0
2217,100
2218,0
2219,50.0
2220,0
2221,110.07401518494478
2222,0
2223,0
2224,0
2225,0
2226,0
2227,0
2228,0
2229,0
2230,0
2231,100
2232,112.00995602693806
2233,223.90578139042097
2234,100
2235,100
2236,100
2237,169.8901620837467
2238,100
2239,100
2240,258.6590551138222
2241,100
2242,0
2243,100
2244,65.71881095946797
2245,0
2246,0
2247,0
2248,0
2249,0
2250,0
2251,50.0
2252,100
2253,50.0
2254,169.6635268590307
2255,91.42351227952898
2256,100
2257,50.0
2258,135.9528590132875
2259,50.0
2260,0
2261,50.0
2262,168.90340432277048
2263,175.68247066301666
2264,152.39817724263963
2265,50.0
2266,129.02217861786062
2267,54.62704044467334
2268,100
2269,50.0
2270,105.27640938239745
2271,0
2272,0
2273,0
2274,0
2275,0
2276,0
2277,0
2278,0
2279,0
2280,100
2281,257.99481460388233
2282,0
2283,120.78825935459491
2284,0
2285,109.36669794885965
2286,0
2287,100
2288,0
2289,102.446949994195
2290,0
2291,0
2292,0
2293,0
2294,0
2295,0
2296,0
2297,0
2298,0
2299,0
2300,0
2301,0
2302,0
2303,0
2304,0
2305,0
2306,0
2307,0
2308,0
2309,0
2310,0
2311,234.38496871767694
2312,0
2313,0
2314,0
2315,171.1110248369443
2316,0
2317,0
2318,0
2319,0
2320,0
2321,50.0
2322,100
2323,50.0
2324,207.53258843425183
2325,54.00950537031336
2326,102.29221742522094
2327,50.0
2328,283.69728968721574
2329,116.06974227287776
2330,0
2331,50.0
2332,100
2333,51.098620875118336
2334,100
2335,50.0
2336,133.31962505329716
2337,50.0
2338,150.47998544330875
2339,50.0
2340,300.70219616455796
2341,0
2342,100
2343,50.0
2344,100
2345,62.288249902174556
2346,0
2347,81.59324690979344
2348,180.91465688300354
2349,69.92609516640704
2350,101.60431438181068
2351,100
2352,0
2353,94.24124450746675
2354,50.0
2355,100
2356,0
2357,0
2358,251.24462101727215
2359,0
2360,100
2361,0
2362,0
2363,0
2364,0
2365,0
2366,0
2367,0
2368,0
2369,0
2370,0
2371,151.62493218337113
2372,100
2373,100
2374,100
2375,100
2376,152.98235429029558
2377,100
2378,100
2379,100
2380,218.2129141622067
2381,0
2382,0
2383,0
2384,100
2385,0
2386,0
2387,0
2388,0
2389,0
2390,0
2391,100
2392,0
2393,100
2394,0
2395,161.73320230641468
2396,0
2397,100
2398,0
2399,100
2400,0
2401,0
2402,0
2403,0
2404,0
2405,0
2406,0
2407,0
2408,0
2409,0
2410,0
2411,107.16350886343443
2412,0
2413,0
2414,0
2415,0
2416,0
2417,0
2418,0
2419,0
2420,0
2421,102.83603608433842
2422,100
2423,116.8664272305364
2424,100
2425,83.58915070542037
2426,271.52102540153925
2427,100
2428,50.0
2429,151.63819592049774
2430,100.8648060222276
2431,100
2432,0
2433,100
2434,0
2435,166.32351829881756
2436,0
2437,169.82652569700969
2438,0
2439,50.0
2440,0
2441,0
2442,219.4614418978539
2443,0
2444,0
2445,100
2446,0
2447,0
2448,150.381535984067
2449,184.1851687194876
2450,0
2451,0
2452,0
2453,0
2454,0
2455,0
2456,0
2457,0
2458,0
2459,0
2460,0
2461,230.39588223302377
2462,100
2463,242.77641053799368
2464,100
2465,122.96975936089376
2466,100
2467,116.04480341945305
2468,102.97701784844433
2469,126.64400043044323
2470,0
2471,0
2472,0
2473,0
2474,0
2475,0
2476,0
2477,0
2478,0
2479,0
2480,0
2481,178.04600181243785
2482,100
2483,73.75143528938166
2484,100
2485,54.283349208878114
2486,120.65256002887033
2487,50.0
2488,100
2489,67.37972896660301
2490,196.00870481489602
2491,60.19266597729962
2492,0
2493,0
2494,140.5581262542949
2495,0
2496,100
2497,0
2498,0
2499,105.67384401798175
2500,0
2501,89.89804196043724
2502,135.80430538873247
2503,0
2504,249.49882998701605
2505,0
2506,100
2507,0
2508,100
2509,0
2510,313.6014856743261
2511,50.0
2512,100
2513,50.0
2514,100
2515,66.49064760090539
2516,100
2517,72.851443717989
2518,100
2519,155.8411778996027
2520,0
2521,100
2522,0
2523,91.6307801343242
2524,0
2525,247.689419407468
2526,0
2527,120.14094865405465
2528,0
2529,100
2530,0
2531,0
2532,0
2533,0
2534,0
2535,0
2536,0
2537,0
2538,0
2539,0
2540,0
2541,0
2542,0
2543,0
2544,0
2545,0
2546,0
2547,0
2548,0
2549,0
2550,0
2551,0
2552,0
2553,0
2554,0
2555,0
2556,0
2557,0
2558,0
2559,0
2560,0
2561,50.0
2562,100
2563,117.40709337797423
2564,100
2565,159.79111859870807
2566,165.87933350349925
2567,389.26097390211237
2568,100
2569,333.5211881103363
2570,0
2571,172.0868342777901
2572,0
2573,0
2574,0
2575,0
2576,0
2577,120.8764206680092
2578,0
2579,0
2580,100
2581,159.5971648385783
2582,129.4740004849484
2583,100
2584,100
2585,100
2586,100
2587,100
2588,179.36901152796636
2589,158.26576465705634
2590,100
2591,100
2592,0
2593,0
2594,100
2595,100
2596,100
2597,54.51270213681295
2598,162.97975445936765
2599,0
2600,100
2601,0
2602,0
2603,0
2604,0
2605,0
2606,0
2607,0
2608,0
2609,0
2610,0
2611,100
2612,0
2613,100
2614,0
2615,100
2616,0
2617,326.3873273046504
2618,0
2619,100
2620,0
2621,0
2622,0
2623,0
2624,152.3719547970608
2625,0
2626,0
2627,0
2628,0
2629,0
2630,100.21976682478362
2631,0
2632,0
2633,0
2634,0
2635,0
2636,0
2637,0
2638,0
2639,0
2640,0
2641,100
2642,122.89044719381003
2643,50.0
2644,100
2645,100
2646,100
2647,100
2648,100
2649,100
2650,100
2651,0
2652,0
2653,0
2654,0
2655,0
2656,0
2657,0
2658,0
2659,0
2660,0
2661,160.75796895078037
2662,0
2663,100
2664,0
2665,162.37261516472722
2666,0
2667,216.5686392797681
2668,0
2669,280.96712652418375
2670,0
2671,100
2672,100
2673,0
2674,0
2675,0
2676,100
2677,0
2678,395.2735329050531
2679,0
2680,0
2681,0
2682,0
2683,0
2684,0
2685,0
2686,0
2687,0
2688,0
2689,0
2690,0
2691,194.08110511041343
2692,50.0
2693,100
2694,100.8388631458932
2695,100
2696,50.0
2697,100
2698,50.0
2699,100
2700,0
2701,151.033029017817
2702,0
2703,100
2704,0
2705,219.1595249847248
2706,0
2707,100
2708,0
2709,133.82694871592
2710,0
2711,0
2712,0
2713,0
2714,0
2715,0
2716,0
2717,0
2718,0
2719,0
2720,0
2721,130.9879651328525
2722,0
2723,0
2724,0
2725,0
2726,0
2727,0
2728,0
2729,0
2730,0
2731,214.98895011221364
2732,54.394539125450564
2733,100
2734,88.63724235611406
2735,100
2736,50.0
2737,100
2738,92.67030196844223
2739,100
2740,100.1691400937043
2741,153.17521720905592
2742,0
2743,100
2744,0
2745,377.3633231513966
2746,0
2747,133.67429182992663
2748,0
2749,122.29089400352206
2750,0
2751,0
2752,0
2753,0
2754,0
2755,0
2756,0
2757,0
2758,0
2759,0
2760,0
2761,0
2762,0
2763,0
2764,0
2765,0
2766,0
2767,0
2768,0
2769,0
2770,0
2771,100
2772,0
2773,100
2774,0
2775,100
2776,139.54234603207806
2777,0
2778,100
2779,0
2780,0
2781,133.3802203656342
2782,0
2783,0
2784,0
2785,0
2786,0
2787,0
2788,0
2789,0
2790,0
2791,186.88875496526526
2792,126.19301175181039
2793,100
2794,149.6696701778401
2795,100
2796,100
2797,50.0
2798,173.85363904954798
2799,50.0
2800,0
2801,50.0
2802,100
2803,74.54697901239207
2804,167.84367153169984
2805,174.3959345486224
2806,0
2807,0
2808,0
2809,0
2810,0
2811,100
2812,0
2813,100
2814,0
2815,106.8799559103219
2816,0
2817,100
2818,0
2819,100
2820,0
2821,94.84653791859975
2822,100
2823,61.80089120838286
2824,122.97509806942197
2825,50.0
2826,165.79310377629977
2827,58.04536196486018
2828,100
2829,165.68905665549232
2830,50.0
2831,199.20994347837046
2832,166.52220837592574
2833,162.3833960296988
2834,62.29075766990579
2835,86.79959631701209
2836,100
2837,134.76179348681586
2838,100
2839,281.733484880495
2840,0
2841,0
2842,0
2843,0
2844,0
2845,0
2846,0
2847,121.06663122716273
2848,193.20656256507328
2849,0
2850,100
2851,0
2852,0
2853,0
2854,0
2855,0
2856,0
2857,0
2858,0
2859,0
2860,0
2861,241.26740333216028
2862,0
2863,0
2864,0
2865,0
2866,0
2867,0
2868,0
2869,0
2870,0
2871,0
2872,0
2873,0
2874,0
2875,0
2876,0
2877,0
2878,0
2879,0
2880,0
2881,232.94376694801812
2882,100
2883,84.01269936641098
2884,100
2885,164.44838036446447
2886,160.55681120996366
2887,100
2888,256.6720389077627
2889,153.32227365557046
2890,187.99434640825487
2891,128.24843817232224
2892,186.03115954870376
2893,100
2894,210.33062476127338
2895,100
2896,133.12019857012672
2897,63.00578493268487
2898,186.88809421389132
2899,110.1856890521622
2900,0
2901,100
2902,0
2903,50.0
2904,100
2905,0
2906,0
2907,0
2908,0
2909,0
2910,0
2911,0
2912,0
2913,0
2914,0
2915,0
2916,0
2917,0
2918,0
2919,0
2920,0
2921,50.0
2922,273.55901089551617
2923,86.92528710937123
2924,0
2925,0
2926,310.61305142509445
2927,72.08542090264704
2928,235.2773215035824
2929,0
2930,0
2931,100
2932,0
2933,280.4334646271701
2934,0
2935,50.0
2936,0
2937,50.0
2938,0
2939,50.0
2940,0
2941,0
2942,0
2943,0
2944,0
2945,0
2946,0
2947,0
2948,0
2949,0
2950,0
2951,0
2952,0
2953,0
2954,0
2955,0
2956,0
2957,0
2958,0
2959,0
2960,0
2961,100
2962,0
2963,50.0
2964,0
2965,50.0
2966,0
2967,50.0
2968,0
2969,171.0737282335346
2970,0
2971,0
2972,0
2973,0
2974,0
2975,0
2976,0
2977,0
2978,0
2979,0
2980,0
2981,0
2982,100
2983,121.47245388616989
2984,0
2985,0
2986,0
2987,0
2988,0
2989,0
2990,0
2991,108.14247468835205
2992,111.7607101832337
2993,0
2994,0
2995,180.94328237559552
2996,0
2997,159.79568493431037
2998,0
2999,257.1684328921384
3000,124.33907856215767
3001,100
3002,78.27740979384191
3003,100
3004,100
3005,185.65225643378122
3006,129.27033509866166
3007,100
3008,120.815504568049
3009,104.95403081917189
3010,0
3011,0
3012,0
3013,0
3014,0
3015,0
3016,0
3017,0
3018,0
3019,0
3020,0
3021,168.0494370771285
3022,0
3023,0
3024,0
3025,0
3026,0
3027,0
3028,0
3029,0
3030,0
3031,50.0
3032,100
3033,99.45083905191424
3034,100
3035,118.73318917469838
3036,257.64836190783205
3037,50.0
3038,150.49137396216608
3039,62.99969448065005
3040,100
3041,0
3042,0
3043,0
3044,0
3045,0
3046,0
3047,0
3048,0
3049,0
3050,0
3051,0
3052,0
3053,0
3054,0
3055,0
3056,0
3057,0
3058,0
3059,0
3060,0
3061,0
3062,0
3063,0
3064,0
3065,0
3066,0
3067,0
3068,0
3069,0
3070,0
3071,100
3072,0
3073,0
3074,0
3075,169.87550427651567
3076,0
3077,0
3078,0
3079,0
3080,0
3081,0
3082,0
3083,100
3084,100
3085,194.59143697238068
3086,0
3087,362.62954503039396
3088,100
3089,127.73065982676822
3090,0
3091,100
3092,0
3093,241.04048543129718
3094,0
3095,100
3096,0
3097,100
3098,0
3099,209.66924419938815
3100,0
3101,176.13728761083297
3102,156.48277776042545
3103,67.05010178586062
3104,182.22400662118838
3105,55.05483400344223
3106,193.1860599352214
3107,213.93906385132516
3108,101.83936237205945
3109,100
3110,222.33221633997815
3111,200.50879336768404
3112,100
3113,130.54349932879163
3114,100
3115,199.95742146213723
3116,296.1073597148743
3117,176.72621532721473
3118,136.95556537954042
3119,125.66551345206693
3120,0
3121,222.1856055340786
3122,0
3123,100
3124,0
3125,0
3126,0
3127,0
3128,0
3129,0
3130,0
3131,100
3132,228.56437512895488
3133,98.31858165439792
3134,100
3135,160.18751907489138
3136,182.92764820420533
3137,100
3138,104.99607025700162
3139,100
3140,100
3141,0
3142,0
3143,0
3144,0
3145,0
3146,0
3147,0
3148,0
3149,0
3150,0
3151,271.2532464386178
3152,0
3153,0
3154,0
3155,0
3156,0
3157,0
3158,0
3159,153.48335427835212
3160,0
3161,144.37553162427818
3162,0
3163,100
3164,0
3165,115.01693425599083
3166,0
3167,100
3168,0
3169,100
3170,0
3171,0
3172,0
3173,0
3174,0
3175,0
3176,0
3177,0
3178,0
3179,0
3180,0
3181,100
3182,61.11809344989447
3183,0
3184,351.4817923174386
3185,0
3186,0
3187,424.6970234405777
3188,50.0
3189,0
3190,80.61128419648742
3191,100
3192,164.1125867740646
3193,100
3194,100
3195,100
3196,100
3197,100
3198,100
3199,100
3200,0
3201,258.8377921636173
3202,0
3203,0
3204,140.85129774672
3205,0
3206,217.7480296669097
3207,0
3208,100
3209,0
3210,100
3211,0
3212,0
3213,0
3214,0
3215,0
3216,0
3217,0
3218,0
3219,0
3220,0
3221,56.503060145943
3222,0
3223,108.62788669151917
3224,0
3225,87.83635441904492
3226,0
3227,0
3228,108.52764721947224
3229,0
3230,104.18559894506274
3231,0
3232,0
3233,0
3234,0
3235,0
3236,0
3237,0
3238,0
3239,0
3240,0
3241,0
3242,0
3243,0
3244,0
3245,0
3246,0
3247,0
3248,0
3249,0
3250,0
3251,50.0
3252,100
3253,127.81978042527511
3254,237.05764669405232
3255,221.4904627277747
3256,181.8156707727657
3257,100
3258,142.34201837960728
3259,100
3260,100
3261,50.0
3262,0
3263,50.0
3264,0
3265,50.0
3266,0
3267,50.0
3268,0
3269,50.0
3270,0
3271,50.0
3272,126.99833214792883
3273,184.680250507393
3274,251.8168860986656
3275,168.14665231153418
3276,285.3118518115541
3277,112.77256446241232
3278,100
3279,253.69940334225006
3280,0
3281,0
3282,0
3283,0
3284,0
3285,0
3286,0
3287,0
3288,0
3289,0
3290,0
3291,101.88520978574917
3292,100
3293,67.63277948159009
3294,100
3295,0
3296,162.94628485719068
3297,0
3298,50.0
3299,50.0
3300,0
3301,134.27459022720546
3302,0
3303,229.1012404010028
3304,0
3305,183.09051082888055
3306,0
3307,141.6937028698062
3308,0
3309,65.6953210738445
3310,0
3311,128.02359042224333
3312,0
3313,0
3314,0
3315,0
3316,0
3317,0
3318,0
3319,0
3320,0
3321,0
3322,0
3323,0
3324,0
3325,0
3326,0
3327,0
3328,0
3329,0
3330,0
3331,0
3332,0
3333,0
3334,0
3335,0
3336,0
3337,0
3338,0
3339,0
3340,0
3341,257.13035855648747
3342,254.36155126675587
3343,113.3166621235797
3344,141.210942163215
3345,100
3346,100
3347,151.9110082705994
3348,50.0
3349,69.70463471544377
3350,100
3351,135.42256357534262
3352,100
3353,100
3354,202.296245195476
3355,124.83759049069336
3356,100
3357,129.07117264075623
3358,100
3359,100
3360,0
3361,100
3362,0
3363,50.0
3364,0
3365,129.34871978613376
3366,0
3367,97.09648284781031
3368,0
3369,255.69039688039206
3370,0
3371,234.11028638839545
3372,0
3373,50.0
3374,100
3375,0
3376,58.958314490383756
3377,159.8235921085901
3378,0
3379,0
3380,100
3381,100
3382,0
3383,144.52737200635298
3384,0
3385,108.48754573867028
3386,0
3387,338.27382249694716
3388,0
3389,0
3390,0
3391,0
3392,0
3393,0
3394,0
3395,0
3396,0
3397,0
3398,0
3399,0
3400,0
3401,100
3402,100
3403,100
3404,100
3405,208.34642861820765
3406,267.40320569934806
3407,100
3408,100
3409,239.8405117712418
3410,167.3513569702389
3411,0
3412,0
3413,284.92197124506856
3414,0
3415,0
3416,0
3417,0
3418,0
3419,100
3420,0
3421,0
3422,0
3423,0
3424,0
3425,0
3426,0
3427,241.1952119888499
3428,209.89234200858255
3429,0
3430,0
3431,183.32620384933276
3432,100
3433,100
3434,184.55456641525655
3435,181.43509432080054
3436,100
3437,100
3438,297.6691681520126
3439,50.0
3440,0
3441,0
3442,0
3443,0
3444,100
3445,0
3446,0
3447,0
3448,0
3449,100
3450,118.91457430086234
3451,0
3452,0
3453,0
3454,0
3455,0
3456,0
3457,0
3458,0
3459,0
3460,0
3461,260.22560328210244
3462,100
3463,93.37324251757843
3464,100
3465,147.14658437540544
3466,134.9859651571297
3467,100
3468,100
3469,163.62767836983215
3470,0
3471,185.15590068253806
3472,0
3473,0
3474,0
3475,0
3476,0
3477,0
3478,0
3479,0
3480,0
3481,231.47161480202556
3482,135.3815773357532
3483,93.94271579235387
3484,100
3485,50.0
3486,105.20188085983777
3487,141.70205856171106
3488,100
3489,100
3490,160.5948944398787
3491,92.66960869172675
3492,0
3493,100
3494,0
3495,173.25119375908434
3496,0
3497,236.45936660153149
3498,0
3499,102.60946821250866
3500,0
3501,0
3502,0
3503,0
3504,0
3505,0
3506,0
3507,0
3508,0
3509,0
3510,0
3511,0
3512,0
3513,0
3514,0
3515,0
3516,0
3517,0
3518,0
3519,0
3520,0
3521,0
3522,151.0757716349721
3523,0
3524,0
3525,0
3526,0
3527,0
3528,0
3529,0
3530,0
3531,50.0
3532,170.99585572878144
3533,100
3534,100
3535,100
3536,100
3537,224.86539650646876
3538,100
3539,100
3540,0
3541,100
3542,0
3543,315.321065712458
3544,0
3545,100
3546,0
3547,167.48376735705705
3548,0
3549,166.1190185783213
3550,0
3551,0
3552,0
3553,0
3554,0
3555,0
3556,0
3557,0
3558,0
3559,0
3560,0
3561,0
3562,100
3563,0
3564,150.99602935358038
3565,50.0
3566,0
3567,121.07245749131805
3568,114.3767671549203
3569,79.10881396210307
3570,100
3571,54.99419703086251
3572,100
3573,107.5471638996831
3574,145.44757206162024
3575,75.26998119727375
3576,317.4872417802488
3577,50.0
3578,100
3579,60.76636213214452
3580,273.40245085187587
3581,0
3582,0
3583,0
3584,0
3585,0
3586,0
3587,0
3588,0
3589,0
3590,0
3591,159.2879151471368
3592,0
3593,0
3594,0
3595,0
3596,0
3597,0
3598,0
3599,0
3600,127.61732686843881
3601,0
3602,0
3603,0
3604,0
3605,0
3606,0
3607,0
3608,0
3609,0
3610,0
3611,54.722313876594654
3612,0
3613,50.0
3614,0
3615,50.0
3616,0
3617,50.0
3618,0
3619,50.0
3620,0
3621,109.3547957034026
3622,100
3623,50.0
3624,100
3625,50.0
3626,108.57475253284198
3627,93.91689846057147
3628,154.13983266059026
3629,50.0
3630,132.57096189764755
3631,207.667995735364
3632,100
3633,0
3634,0
3635,100
3636,100
3637,0
3638,100
3639,81.1093203172126
3640,0
3641,50.0
3642,100
3643,0
3644,100
3645,0
3646,100
3647,0
3648,100
3649,0
3650,0
3651,0
3652,0
3653,0
3654,0
3655,0
3656,0
3657,0
3658,0
3659,0
3660,0
3661,0
3662,0
3663,0
3664,0
3665,0
3666,0
3667,0
3668,0
3669,100
3670,0
3671,100
3672,226.81069373993193
3673,100
3674,155.28791992525646
3675,100
3676,197.65273542284433
3677,100
3678,256.02129360730373
3679,100
3680,0
3681,341.38186690514794
3682,0
3683,0
3684,0
3685,0
3686,0
3687,0
3688,0
3689,0
3690,0
3691,112.79522920606941
3692,80.31929098504489
3693,107.6396976346789
3694,100
3695,100
3696,229.0285566685895
3697,246.87712535352944
3698,100
3699,100
3700,100
3701,204.7011417612269
3702,0
3703,58.7133324358357
3704,0
3705,112.28031764936603
3706,0
3707,127.86618158609002
3708,0
3709,100
3710,0
3711,0
3712,50.0
3713,0
3714,0
3715,0
3716,0
3717,0
3718,0
3719,0
3720,0
3721,129.0458196648292
3722,0
3723,0
3724,0
3725,0
3726,0
3727,0
3728,0
3729,138.456472717634
3730,0
3731,100
3732,0
3733,0
3734,379.02227590822116
3735,0
3736,0
3737,148.37517054406322
3738,112.91525100345166
3739,0
3740,145.65083966777328
3741,100
3742,298.40092903195216
3743,141.06316118565493
3744,101.13445413272477
3745,175.77186346197078
3746,246.16645723710923
3747,100
3748,219.50661319915002
3749,100
3750,0
3751,0
3752,0
3753,0
3754,0
3755,0
3756,0
3757,0
3758,0
3759,0
3760,0
3761,112.21865402041836
3762,87.52454826568736
3763,50.0
3764,100
3765,50.0
3766,161.41399282291388
3767,50.0
3768,187.30015062775166
3769,50.0
3770,200.55465823461614
3771,131.82565358480548
3772,0
3773,0
3774,0
3775,0
3776,0
3777,0
3778,0
3779,0
3780,0
3781,0
3782,0
3783,168.44113313026605
3784,0
3785,0
3786,0
3787,82.57516832139969
3788,100
3789,100
3790,50.0
3791,100
3792,100
3793,172.5702352467518
3794,224.9756719882129
3795,213.45803623161115
3796,100
3797,155.38113644381286
3798,110.5481438965177
3799,420.84270861167215
3800,0
3801,0
3802,0
3803,0
3804,238.37505830180635
3805,0
3806,0
3807,0
3808,0
3809,0
3810,0
3811,155.53395634178946
3812,0
3813,0
3814,0
3815,0
3816,0
3817,0
3818,163.85278097821254
3819,0
3820,164.51203515409034
3821,86.76624525519694
3822,0
3823,50.0
3824,0
3825,50.0
3826,0
3827,50.0
3828,0
3829,50.0
3830,0
3831,0
3832,0
3833,0
3834,0
3835,0
3836,0
3837,0
3838,0
3839,0
3840,0
3841,0
3842,0
3843,0
3844,0
3845,0
3846,0
3847,0
3848,0
3849,0
3850,0
3851,100
3852,0
3853,0
3854,0
3855,0
3856,0
3857,100
3858,0
3859,0
3860,0
3861,0
3862,0
3863,0
3864,0
3865,0
3866,0
3867,0
3868,0
3869,0
3870,0
3871,100
3872,100
3873,100
3874,241.15793483631597
3875,124.5249682865481
3876,118.62766360881326
3877,105.71451357913938
3878,348.85581513318004
3879,100
3880,0
3881,0
3882,100
3883,0
3884,140.26210370573222
3885,0
3886,0
3887,0
3888,0
3889,92.17833897162643
3890,0
3891,0
3892,0
3893,0
3894,0
3895,0
3896,0
3897,0
3898,0
3899,0
3900,0
3901,137.65274866982116
3902,50.0
3903,263.90077958356625
3904,151.674540892424
3905,100
3906,254.73837755181975
3907,141.83676502893442
3908,100
3909,187.35583187588446
3910,104.77608029169429
3911,100
3912,0
3913,130.01814350512353
3914,0
3915,307.8395489930369
3916,0
3917,306.4513959894496
3918,0
3919,240.57418408218743
3920,0
3921,50.0
3922,100
3923,122.66802105883107
3924,211.88038913651616
3925,0
3926,0
3927,50.0
3928,104.3299424613256
3929,0
3930,125.05788413450267
3931,73.03574832412737
3932,100
3933,99.17843987172091
3934,115.64642830633328
3935,50.0
3936,287.1843004968092
3937,136.64082741267697
3938,141.77160307234763
3939,50.0
3940,432.05114981256423
3941,0
3942,100
3943,0
3944,0
3945,0
3946,0
3947,0
3948,0
3949,0
3950,0
3951,0
3952,0
3953,0
3954,0
3955,0
3956,0
3957,0
3958,0
3959,0
3960,0
3961,134.93018423856125
3962,0
3963,100
3964,0
3965,119.11126464504022
3966,0
3967,124.13956205720963
3968,0
3969,146.23608420528726
3970,0
3971,100
3972,0
3973,0
3974,0
3975,0
3976,0
3977,0
3978,0
3979,0
3980,0
3981,116.42253575024023
3982,101.99325633801107
3983,50.0
3984,100
3985,76.91537665699357
3986,100
3987,50.0
3988,237.1040676234105
3989,50.0
3990,0
3991,0
3992,0
3993,0
3994,0
3995,0
3996,0
3997,0
3998,0
3999,0
4000,0
4001,0
4002,0
4003,0
4004,0
4005,0
4006,0
4007,0
4008,0
4009,0
4010,0
4011,133.89442399694653
4012,0
4013,100
4014,0
4015,100
4016,0
4017,100
4018,0
4019,113.7574981603031
4020,0
4021,193.5778950027539
4022,50.0
4023,0
4024,77.34928232410338
4025,104.68573245219248
4026,0
4027,0
4028,111.34805082515662
4029,227.58020327865808
4030,0
4031,276.0179612918713
4032,64.0728442664022
4033,100
4034,68.78598961431778
4035,129.9156891674247
4036,71.6944618526436
4037,160.38248306308492
4038,50.0
4039,100
4040,0
4041,144.51149417485033
4042,0
4043,100
4044,0
4045,237.4622481170275
4046,0
4047,100
4048,0
4049,0
4050,0
4051,100
4052,62.705416745403504
4053,171.59552905627206
4054,50.0
4055,100.17120656927098
4056,50.0
4057,126.76748957738118
4058,50.0
4059,207.96496527334193
4060,54.05538660108508
4061,0
4062,251.59211204956614
4063,205.0762485297489
4064,0
4065,0
4066,194.17754252251854
4067,208.61265884916315
4068,0
4069,0
4070,0
4071,0
4072,0
4073,0
4074,0
4075,0
4076,0
4077,0
4078,0
4079,0
4080,0
4081,103.90146515107726
4082,0
4083,149.90751379021157
4084,0
4085,101.01554217931563
4086,0
4087,100
4088,0
4089,50.0
4090,0
4091,134.95085355839126
4092,149.3701941382298
4093,0
4094,163.46795030547943
4095,0
4096,0
4097,256.0191147964591
4098,0
4099,0
4100,0
4101,100
4102,100
4103,100
4104,222.66522275839674
4105,100
4106,102.11071778007359
4107,100
4108,100
4109,100
4110,223.5861339338107
4111,100
4112,0
4113,0
4114,0
4115,0
4116,100
4117,0
4118,0
4119,0
4120,0
4121,0
4122,0
4123,0
4124,0
4125,0
4126,0
4127,0
4128,0
4129,0
4130,0
4131,100
4132,100
4133,198.65126707563653
4134,200.29720755679926
4135,100
4136,100
4137,100
4138,100
4139,100
4140,0
4141,0
4142,0
4143,0
4144,0
4145,0
4146,0
4147,0
4148,0
4149,0
4150,0
4151,0
4152,0
4153,0
4154,0
4155,0
4156,0
4157,0
4158,0
4159,0
4160,0
4161,240.65870308955522
4162,0
4163,82.5783060411103
4164,0
4165,79.1451254837795
4166,0
4167,50.0
4168,0
4169,100
4170,0
4171,0
4172,0
4173,103.61754874176977
4174,0
4175,0
4176,0
4177,0
4178,0
4179,0
4180,0
4181,126.19862007284895
4182,132.44262384598426
4183,100
4184,100
4185,0
4186,0
4187,196.37205901075282
4188,100
4189,328.33947425479045
4190,0
4191,100
4192,100
4193,217.2815621334284
4194,186.48910992637204
4195,210.89995595285225
4196,50.0
4197,310.72611932129894
4198,252.11919967713905
4199,144.10544905332313
4200,0
4201,0
4202,0
4203,0
4204,0
4205,0
4206,0
4207,0
4208,0
4209,0
4210,0
4211,100
4212,222.46139604741643
4213,100
4214,220.63673912079088
4215,50.0
4216,128.47815199383135
4217,100
4218,100
4219,117.68041185755173
4220,100
4221,84.22493478997043
4222,100
4223,0
4224,50.0
4225,100
4226,0
4227,0
4228,0
4229,0
4230,0
4231,0
4232,0
4233,0
4234,0
4235,0
4236,0
4237,0
4238,0
4239,0
4240,0
4241,50.0
4242,128.34053227467606
4243,50.0
4244,118.84294709178478
4245,50.0
4246,129.87518842489052
4247,100
4248,102.91583550679896
4249,50.0
4250,100
4251,0
4252,0
4253,0
4254,0
4255,0
4256,0
4257,0
4258,0
4259,0
4260,0
4261,109.92286480099384
4262,100
4263,100
4264,100
4265,108.51092393150518
4266,100
4267,100
4268,100
4269,87.61088854665115
4270,0
4271,0
4272,0
4273,0
4274,0
4275,0
4276,0
4277,0
4278,0
4279,0
4280,0
4281,0
4282,0
4283,134.3372088332588
4284,105.74116493765901
4285,0
4286,50.0
4287,50.0
4288,100
4289,0
4290,0
4291,100
4292,0
4293,157.24429869889235
4294,0
4295,135.25804309247977
4296,0
4297,100
4298,0
4299,100
4300,0
4301,0
4302,0
4303,0
4304,0
4305,0
4306,0
4307,0
4308,0
4309,0
4310,0
4311,100
4312,0
4313,0
4314,0
4315,50.0
4316,100
4317,0
4318,100
4319,0
4320,100
4321,100
4322,50.0
4323,50.0
4324,50.0
4325,100
4326,102.8461413260201
4327,100
4328,160.85337116772178
4329,100
4330,0
4331,0
4332,0
4333,0
4334,0
4335,0
4336,0
4337,0
4338,0
4339,0
4340,0
4341,0
4342,0
4343,0
4344,0
4345,0
4346,0
4347,0
4348,0
4349,0
4350,0
4351,100
4352,0
4353,50.0
4354,0
4355,50.0
4356,0
4357,50.0
4358,0
4359,50.0
4360,0
4361,74.00632084308083
4362,100
4363,100
4364,100
4365,50.0
4366,228.55871072210599
4367,55.20883713202984
4368,231.31529059933132
4369,50.0
4370,50.0
4371,53.313562934474824
4372,100
4373,0
4374,0
4375,0
4376,100
4377,0
4378,100
4379,0
4380,100
4381,50.0
4382,0
4383,0
4384,0
4385,0
4386,0
4387,0
4388,0
4389,0
4390,0
4391,118.62860992731274
4392,0
4393,0
4394,100
4395,0
4396,0
4397,233.7376498799492
4398,69.68021878736006
4399,0
4400,100
4401,139.8455186731924
4402,0
4403,100
4404,0
4405,107.77420299745727
4406,0
4407,100
4408,0
4409,156.88416599200463
4410,0
4411,244.52935769886318
4412,91.81615772617897
4413,100
4414,50.0
4415,209.26345179458582
4416,50.0
4417,196.4023634406377
4418,50.0
4419,100
4420,50.0
4421,100
4422,50.0
4423,261.32587127906424
4424,71.17556306221903
4425,100
4426,50.0
4427,100
4428,50.0
4429,121.29351905294314
4430,0
4431,0
4432,0
4433,0
4434,80.80823397957468
4435,0
4436,0
4437,0
4438,0
4439,0
4440,100
4441,0
4442,0
4443,0
4444,0
4445,0
4446,0
4447,0
4448,0
4449,0
4450,0
4451,221.0457296020404
4452,0
4453,0
4454,0
4455,0
4456,0
4457,0
4458,0
4459,50.0
4460,100
4461,0
4462,0
4463,0
4464,0
4465,0
4466,0
4467,0
4468,0
4469,0
4470,0
4471,0
4472,0
4473,0
4474,0
4475,0
4476,0
4477,0
4478,0
4479,0
4480,204.16873095228647
4481,0
4482,0
4483,0
4484,0
4485,0
4486,0
4487,0
4488,0
4489,0
4490,0
4491,100
4492,0
4493,100
4494,0
4495,374.59239745376
4496,0
4497,251.38504831464326
4498,0
4499,100
4500,0
4501,100
4502,204.39435334899554
4503,100
4504,163.92361780032314
4505,152.64237524751934
4506,253.88469522639073
4507,176.062928812851
4508,204.7022794034496
4509,100
4510,0
4511,0
4512,0
4513,0
4514,0
4515,0
4516,0
4517,0
4518,0
4519,0
4520,0
4521,117.54434225533205
4522,0
4523,100
4524,0
4525,0
4526,0
4527,0
4528,167.27613641988574
4529,0
4530,0
4531,0
4532,0
4533,0
4534,0
4535,0
4536,0
4537,0
4538,0
4539,0
4540,0
4541,327.5753049667976
4542,100
4543,0
4544,0
4545,0
4546,272.6113139491494
4547,128.99609993000658
4548,154.61162674553174
4549,0
4550,0
4551,100
4552,125.17170311512099
4553,100
4554,251.95397826872463
4555,199.07651583532055
4556,100
4557,61.278147719181504
4558,100
4559,100
4560,162.09244606915684
4561,0
4562,0
4563,0
4564,0
4565,0
4566,0
4567,0
4568,0
4569,0
4570,0
4571,0
4572,0
4573,0
4574,0
4575,0
4576,0
4577,0
4578,0
4579,0
4580,0
4581,0
4582,0
4583,0
4584,0
4585,0
4586,0
4587,0
4588,0
4589,0
4590,0
4591,0
4592,100
4593,170.39942219994174
4594,151.64201510431934
4595,100
4596,0
4597,100
4598,0
4599,166.33540465157677
4600,0
4601,100
4602,0
4603,100
4604,0
4605,91.01805678901648
4606,0
4607,81.29253288197347
4608,0
4609,50.0
4610,0
4611,131.46854362415067
4612,100
4613,203.4395595938518
4614,179.72808233799717
4615,100
4616,100
4617,100
4618,100
4619,100
4620,126.0691712846124
4621,164.832663043441
4622,164.83436478867102
4623,100
4624,100
4625,202.47505985856364
4626,100
4627,186.93153242608935
4628,100
4629,133.2937556743182
4630,0
4631,196.6645828814854
4632,0
4633,0
4634,0
4635,0
4636,0
4637,0
4638,0
4639,0
4640,0
4641,118.96966307813146
4642,100
4643,50.0
4644,50.0
4645,86.81637383632273
4646,100
4647,0
4648,50.0
4649,175.4965757022981
4650,0
4651,100
4652,0
4653,162.79387154359276
4654,0
4655,247.88779799750677
4656,0
4657,142.58714627225038
4658,0
4659,100
4660,0
4661,100
4662,100
4663,159.4491997900139
4664,100
4665,241.5302105257674
4666,50.0
4667,100
4668,100
4669,100
4670,153.92115012867362
4671,100
4672,209.9948359660563
4673,100
4674,115.5886061281655
4675,145.90347844399236
4676,100
4677,100
4678,132.28760305087872
4679,106.75263222246305
4680,0
4681,0
4682,0
4683,0
4684,0
4685,0
4686,0
4687,0
4688,0
4689,0
4690,0
4691,50.0
4692,271.2036348068959
4693,0
4694,100
4695,0
4696,50.0
4697,335.44221650836016
4698,0
4699,100
4700,0
4701,0
4702,0
4703,0
4704,0
4705,0
4706,0
4707,0
4708,0
4709,0
4710,0
4711,0
4712,0
4713,0
4714,0
4715,0
4716,0
4717,0
4718,0
4719,0
4720,0
4721,0
4722,100
4723,53.97564500468973
4724,0
4725,0
4726,100
4727,0
4728,0
4729,163.32068058891582
4730,0
4731,0
4732,0
4733,0
4734,0
4735,0
4736,0
4737,0
4738,0
4739,0
4740,0
4741,0
4742,0
4743,0
4744,0
4745,0
4746,0
4747,0
4748,0
4749,0
4750,0
4751,239.66133972903606
4752,0
4753,0
4754,100
4755,0
4756,0
4757,0
4758,0
4759,0
4760,0
4761,0
4762,0
4763,0
4764,0
4765,0
4766,0
4767,0
4768,0
4769,0
4770,0
4771,100
4772,104.6889112227276
4773,106.68662944288386
4774,153.5447137878739
4775,198.686405598534
4776,111.84961015139606
4777,100
4778,100
4779,106.27245230713922
4780,135.3156800722622
4781,101.95835288005136
4782,100
4783,241.80369083224298
4784,180.21556434709274
4785,100
4786,202.79814052929032
4787,50.0
4788,106.61123719275437
4789,100
4790,0
4791,232.6556646673977
4792,0
4793,100
4794,0
4795,100
4796,0
4797,126.0580212999908
4798,0
4799,100
4800,0
4801,0
4802,0
4803,0
4804,0
4805,0
4806,0
4807,0
4808,0
4809,0
4810,0
4811,180.85267019594397
4812,0
4813,100
4814,0
4815,100
4816,0
4817,100
4818,0
4819,100
4820,0
4821,100
4822,140.80247276479832
4823,152.02867241979962
4824,100
4825,215.85397629829873
4826,50.0
4827,100
4828,184.68952113699842
4829,194.6181821638733
4830,100
4831,0
4832,0
4833,0
4834,0
4835,0
4836,0
4837,0
4838,0
4839,0
4840,0
4841,0
4842,0
4843,0
4844,0
4845,0
4846,0
4847,0
4848,0
4849,0
4850,0
4851,104.21854243368611
4852,0
4853,0
4854,0
4855,0
4856,0
4857,0
4858,0
4859,0
4860,0
4861,107.18825501898809
4862,100
4863,100
4864,100
4865,100
4866,155.98921038981197
4867,100
4868,100
4869,160.34110166030496
4870,0
4871,110.06960757122572
4872,0
4873,0
4874,100
4875,100
4876,0
4877,0
4878,0
4879,0
4880,0
4881,124.25879264069027
4882,0
4883,53.13412513731798
4884,0
4885,50.0
4886,0
4887,79.09880508850381
4888,0
4889,50.0
4890,0
4891,0
4892,0
4893,0
4894,0
4895,0
4896,0
4897,0
4898,0
4899,0
4900,0
4901,0
4902,0
4903,0
4904,0
4905,0
4906,0
4907,0
4908,0
4909,0
4910,0
4911,177.38664039523331
4912,60.99361303850516
4913,154.11700758698407
4914,55.268420705871144
4915,100
4916,50.0
4917,99.31844575226079
4918,100
4919,100
4920,50.0
4921,172.65390941368074
4922,0
4923,100
4924,0
4925,258.9419069440331
4926,0
4927,0
4928,0
4929,0
4930,0
4931,0
4932,133.8050377241383
4933,0
4934,0
4935,0
4936,0
4937,0
4938,0
4939,0
4940,0
4941,199.76303348864465
4942,156.55784842303453
4943,107.467612429412
4944,50.0
4945,106.29429576014775
4946,76.29634191451012
4947,100
4948,296.54636932327185
4949,142.41058933976987
4950,0
4951,0
4952,0
4953,0
4954,0
4955,0
4956,0
4957,0
4958,0
4959,0
4960,0
4961,0
4962,100
4963,62.77739705443466
4964,157.6476203450129
4965,198.59933115374594
4966,0
4967,100
4968,50.0
4969,208.10705761545626
4970,0
4971,100
4972,100
4973,183.56389273518218
4974,412.67771960144336
4975,149.64643736762855
4976,135.57589437508645
4977,50.0
4978,100
4979,336.72575214595736
4980,100
4981,0
4982,0
4983,0
4984,0
4985,0
4986,0
4987,0
4988,0
4989,0
4990,0
4991,0
4992,0
4993,0
4994,0
4995,0
4996,0
4997,0
4998,0
4999,0
5000,0
5001,100
5002,0
5003,100
5004,0
5005,229.470856554931
5006,0
5007,111.6945916137314
5008,0
5009,100
5010,0
5011,100
5012,53.47534501084104
5013,344.7000752537503
5014,50.0
5015,141.5185973156536
5016,50.0
5017,100
5018,77.59101573543546
5019,100
5020,0
5021,132.56742555121798
5022,0
5023,100
5024,0
5025,164.09540730421506
5026,0
5027,169.65727167803925
5028,0
5029,128.16484213076018
5030,0
5031,0
5032,0
5033,0
5034,0
5035,0
5036,0
5037,0
5038,0
5039,0
5040,0
5041,100
5042,100
5043,155.94105297897892
5044,192.42899853984335
5045,214.50481241994694
5046,50.0
5047,218.6599011270725
5048,69.7552299737496
5049,50.0
5050,100
5051,0
5052,0
5053,0
5054,0
5055,0
5056,0
5057,0
5058,0
5059,0
5060,0
5061,228.6191357426097
5062,0
5063,0
5064,0
5065,0
5066,0
5067,0
5068,0
5069,0
5070,0
5071,0
5072,0
5073,0
5074,0
5075,0
5076,0
5077,0
5078,0
5079,0
5080,0
5081,0
5082,0
5083,0
5084,0
5085,0
5086,0
5087,0
5088,0
5089,0
5090,0
5091,100
5092,0
5093,100
5094,0
5095,100
5096,0
5097,100
5098,0
5099,109.03944525640712
5100,0
5101,100
5102,237.88676459114717
5103,100
5104,100
5105,329.0475302007233
5106,100
5107,140.5551428598542
5108,220.5823540806772
5109,152.34406248907075
5110,0
5111,0
5112,105.11340780043452
5113,100
5114,283.11012611432494
5115,0
5116,0
5117,0
5118,103.63318785463741
5119,213.08385691962513
5120,221.58173428020427
5121,100
5122,0
5123,50.0
5124,0
5125,50.0
5126,0
5127,50.0
5128,0
5129,78.50646948678428
5130,0
5131,0
5132,0
5133,0
5134,0
5135,0
5136,0
5137,0
5138,0
5139,0
5140,0
5141,0
5142,0
5143,0
5144,0
5145,100
5146,0
5147,0
5148,0
5149,0
5150,0
5151,185.05840785244504
5152,156.03889649140734
5153,268.8026624750197
5154,100
5155,100
5156,132.23206327520575
5157,100
5158,100
5159,144.24218140225932
5160,123.56241161019408
5161,0
5162,0
5163,0
5164,0
5165,0
5166,0
5167,0
5168,0
5169,0
5170,0
5171,50.0
5172,50.0
5173,100
5174,0
5175,281.4267182110132
5176,0
5177,103.58314306022577
5178,0
5179,100
5180,0
5181,0
5182,102.524930082813
5183,100
5184,100
5185,0
5186,0
5187,0
5188,0
5189,125.04735208940059
5190,0
5191,191.34940280122044
5192,50.0
5193,140.29798492916322
5194,54.41143055450524
5195,176.8525046838942
5196,50.0
5197,100
5198,50.0
5199,130.43864558652103
5200,0
5201,252.78028653874017
5202,0
5203,298.7812247729523
5204,0
5205,164.7360987766747
5206,0
5207,50.0
5208,100
5209,0
5210,0
5211,0
5212,0
5213,0
5214,0
5215,0
5216,0
5217,0
5218,0
5219,0
5220,0
5221,50.0
5222,220.2077430743584
5223,50.0
5224,63.858167004672396
5225,247.70103551794122
5226,100
5227,107.08811810104123
5228,154.44797219563011
5229,50.0
5230,283.34068943370517
5231,109.0425498871009
5232,0
5233,335.0181900812032
5234,0
5235,100
5236,0
5237,50.0
5238,0
5239,50.0
5240,0
5241,0
5242,0
5243,0
5244,0
5245,0
5246,0
5247,0
5248,0
5249,0
5250,0
5251,0
5252,0
5253,0
5254,0
5255,0
5256,0
5257,0
5258,0
5259,0
5260,0
5261,143.9149228823362
5262,186.95008468016357
5263,100
5264,156.8068131008223
5265,147.54801116089646
5266,143.97625596032367
5267,100
5268,100
5269,141.4628884723319
5270,0
5271,0
5272,0
5273,101.55200474022394
5274,100
5275,0
5276,138.52332849744482
5277,50.0
5278,100
5279,277.35083588649036
5280,114.776128877502
5281,50.0
5282,100
5283,161.7665900406616
5284,231.12687627488975
5285,113.42938410748455
5286,264.8373604514746
5287,65.68539884019629
5288,225.2072130686006
5289,100
5290,0
5291,50.0
5292,239.67601001263145
5293,0
5294,100
5295,0
5296,100
5297,0
5298,143.09717433486242
5299,0
5300,100
5301,137.91751246734566
5302,0
5303,100
5304,0
5305,200.3083868949564
5306,0
5307,100
5308,0
5309,100
5310,0
5311,0
5312,0
5313,0
5314,0
5315,0
5316,0
5317,0
5318,0
5319,0
5320,0
5321,182.06927516007897
5322,366.07284560808284
5323,100
5324,209.27355897512598
5325,100
5326,211.28416329870188
5327,53.14645711970505
5328,204.22143418075578
5329,100
5330,193.96138523084375
5331,100
5332,115.57110920923508
5333,234.58792005612975
5334,100
5335,210.66901687952372
5336,108.34069434180374
5337,100
5338,100
5339,100
5340,0
5341,116.6155136521503
5342,121.24083524103665
5343,104.7033215439027
5344,0
5345,0
5346,0
5347,0
5348,127.41006364879144
5349,50.0
5350,100
5351,0
5352,0
5353,0
5354,0
5355,0
5356,0
5357,0
5358,0
5359,0
5360,198.31128578131728
5361,241.15552667286147
5362,50.0
5363,82.49852579948546
5364,100
5365,106.72047711381578
5366,131.02221129293684
5367,50.0
5368,100
5369,172.99807619025756
5370,161.97737262086014
5371,50.0
5372,163.85986406202935
5373,50.0
5374,130.1675997259764
5375,50.0
5376,100
5377,50.0
5378,78.53391605971946
5379,100
5380,0
5381,0
5382,0
5383,0
5384,0
5385,0
5386,0
5387,0
5388,0
5389,0
5390,0
5391,0
5392,0
5393,0
5394,0
5395,0
5396,0
5397,0
5398,0
5399,0
5400,209.82573211933624
5401,100
5402,0
5403,0
5404,0
5405,229.1414729025447
5406,0
5407,0
5408,0
5409,0
5410,0
5411,100
5412,0
5413,107.5124786745247
5414,0
5415,152.76045706596443
5416,0
5417,100
5418,0
5419,100
5420,0
5421,0
5422,0
5423,0
5424,209.96403058394463
5425,90.96422280312431
5426,0
5427,0
5428,194.2735576769437
5429,0
5430,0
5431,0
5432,0
5433,0
5434,0
5435,0
5436,0
5437,0
5438,0
5439,0
5440,0
5441,98.24167470604144
5442,100
5443,0
5444,243.56796458661606
5445,0
5446,100
5447,0
5448,109.35378840487823
5449,167.44481513380612
5450,0
5451,0
5452,0
5453,0
5454,0
5455,0
5456,0
5457,0
5458,0
5459,0
5460,0
5461,103.76880095576249
5462,100
5463,58.097144411731925
5464,180.44795893229121
5465,57.69039302190316
5466,100
5467,142.28722145234252
5468,50.0
5469,100
5470,130.73140744825798
5471,119.35760131466078
5472,0
5473,92.77963131953675
5474,0
5475,100
5476,0
5477,50.0
5478,0
5479,50.0
5480,0
5481,0
5482,0
5483,0
5484,0
5485,0
5486,0
5487,0
5488,0
5489,0
5490,0
5491,0
5492,0
5493,0
5494,0
5495,0
5496,0
5497,0
5498,0
5499,0
5500,0
5501,100
5502,100
5503,136.34434538772035
5504,100
5505,100
5506,0
5507,100
5508,168.24958753352365
5509,50.0
5510,100
5511,67.71295521495131
5512,100
5513,50.0
5514,100
5515,50.0
5516,100
5517,50.0
5518,100
5519,100
5520,0
5521,62.01289170035937
5522,100
5523,0
5524,100
5525,0
5526,100
5527,0
5528,100
5529,0
5530,153.387750685119
5531,50.0
5532,207.890699664763
5533,91.55820816412054
5534,220.32905535839086
5535,50.0
5536,198.99543605077446
5537,50.0
5538,100
5539,88.04964679165465
5540,229.4283480023766
5541,50.0
5542,0
5543,52.819075379313176
5544,0
5545,128.14836473451308
5546,0
5547,124.76007158473182
5548,0
5549,50.0
5550,0
5551,100
5552,100
5553,50.0
5554,0
5555,67.56935201226969
5556,0
5557,97.7351074450572
5558,205.022745561951
5559,50.0
5560,100
5561,0
5562,0
5563,0
5564,0
5565,0
5566,100
5567,0
5568,0
5569,0
5570,0
5571,67.57395692419931
5572,100
5573,125.35902552544701
5574,100
5575,78.24882171617764
5576,100
5577,50.0
5578,169.71460602879185
5579,50.0
5580,270.8667927878598
5581,50.0
5582,126.89961137382214
5583,50.0
5584,177.10139744142612
5585,56.98019225824774
5586,372.80231430322607
5587,100
5588,100
5589,100
5590,0
5591,0
5592,0
5593,0
5594,0
5595,0
5596,0
5597,0
5598,0
5599,0
5600,0
5601,0
5602,0
5603,0
5604,0
5605,0
5606,0
5607,0
5608,0
5609,0
5610,0
5611,126.31640739632154
5612,100
5613,50.0
5614,106.10027100296254
5615,100.78184872963976
5616,113.97638882898931
5617,75.38225486172007
5618,100
5619,50.0
5620,0
5621,0
5622,0
5623,0
5624,0
5625,0
5626,0
5627,0
5628,0
5629,0
5630,0
5631,207.3722748958391
5632,0
5633,0
5634,0
5635,0
5636,0
5637,0
5638,0
5639,0
5640,0
5641,135.8998954868903
5642,101.51391062097142
5643,231.77581768178112
5644,228.60512249222666
5645,171.3401636330757
5646,100
5647,100
5648,100
5649,218.37820156758931
5650,100
5651,0
5652,0
5653,200.3381049765731
5654,0
5655,0
5656,0
5657,0
5658,0
5659,0
5660,0
5661,0
5662,205.72761052501335
5663,0
5664,0
5665,0
5666,0
5667,100
5668,100
5669,0
5670,173.208510101885
5671,100
5672,0
5673,100
5674,0
5675,100
5676,0
5677,320.6073675661908
5678,0
5679,100
5680,0
5681,0
5682,0
5683,0
5684,0
5685,0
5686,0
5687,0
5688,0
5689,0
5690,0
5691,100
5692,0
5693,0
5694,0
5695,0
5696,0
5697,0
5698,0
5699,0
5700,0
5701,0
5702,0
5703,0
5704,0
5705,0
5706,0
5707,0
5708,0
5709,0
5710,0
5711,0
5712,50.0
5713,50.0
5714,50.0
5715,100
5716,0
5717,145.35613700227935
5718,0
5719,265.04912016029255
5720,0
5721,127.97118661856256
5722,58.941057119759535
5723,107.51911362408235
5724,50.0
5725,139.69516879822575
5726,51.70608968228453
5727,100
5728,123.72841010967116
5729,100
5730,0
5731,66.21528785849517
5732,0
5733,115.6935647838267
5734,0
5735,101.70612695972521
5736,0
5737,63.53811598274651
5738,0
5739,78.14723266025808
5740,0
5741,144.24553306568583
5742,0
5743,0
5744,0
5745,0
5746,0
5747,0
5748,0
5749,0
5750,0
5751,50.0
5752,50.0
5753,57.28135633574599
5754,100
5755,50.0
5756,125.49711630579604
5757,50.0
5758,100
5759,62.777321499796905
5760,100
5761,50.0
5762,193.93497413582142
5763,50.0
5764,384.99701679931655
5765,50.0
5766,100
5767,149.3862394465121
5768,100
5769,82.45424613689438
5770,100
5771,0
5772,0
5773,0
5774,0
5775,0
5776,0
5777,0
5778,0
5779,0
5780,0
5781,0
5782,0
5783,0
5784,0
5785,0
5786,0
5787,0
5788,0
5789,0
5790,0
5791,0
5792,0
5793,0
5794,0
5795,0
5796,0
5797,0
5798,0
5799,0
5800,0
5801,307.8795635932868
5802,0
5803,100
5804,0
5805,100
5806,0
5807,100
5808,0
5809,100
5810,0
5811,100
5812,136.86429413836794
5813,106.88188436907704
5814,50.0
5815,117.44992347201551
5816,100
5817,50.0
5818,87.2724814603326
5819,169.64075334412212
5820,0
5821,87.96351110186401
5822,0
5823,0
5824,0
5825,100
5826,0
5827,100
5828,0
5829,100
5830,0
5831,100
5832,0
5833,142.86176831028348
5834,0
5835,100
5836,0
5837,100
5838,0
5839,100
5840,0
5841,258.6249512683297
5842,0
5843,100
5844,0
5845,74.07940763335937
5846,0
5847,50.0
5848,0
5849,50.0
5850,0
5851,100
5852,110.2920938132304
5853,50.0
5854,100
5855,50.0
5856,100
5857,50.0
5858,83.03139858460477
5859,100
5860,100
5861,50.0
5862,0
5863,156.0575072614472
5864,0
5865,126.60510889230311
5866,100
5867,84.88975508982996
5868,100
5869,70.24489700274786
5870,194.66630748210474
5871,118.12603221081784
5872,100
5873,0
5874,0
5875,0
5876,0
5877,0
5878,0
5879,0
5880,0
5881,0
5882,0
5883,0
5884,0
5885,0
5886,0
5887,0
5888,0
5889,0
5890,0
5891,0
5892,0
5893,0
5894,0
5895,0
5896,0
5897,0
5898,0
5899,0
5900,0
5901,50.0
5902,126.27819184202755
5903,129.45097616013044
5904,50.0
5905,100
5906,50.0
5907,161.64074982607104
5908,50.0
5909,100
5910,0
5911,0
5912,0
5913,0
5914,0
5915,0
5916,0
5917,0
5918,0
5919,0
5920,0
5921,100
5922,0
5923,52.77518631118191
5924,0
5925,71.86413306590725
5926,0
5927,50.0
5928,0
5929,203.6833670340054
5930,0
5931,0
5932,0
5933,0
5934,0
5935,0
5936,0
5937,0
5938,0
5939,0
5940,0
5941,50.0
5942,50.0
5943,0
5944,101.32329297270473
5945,0
5946,0
5947,173.3273462922238
5948,100
5949,118.83401659934168
5950,100.01180687125468
5951,50.0
5952,249.09953931024785
5953,50.0
5954,104.66974693141637
5955,50.0
5956,212.63437822481245
5957,50.0
5958,157.5279596829846
5959,111.25830079224835
5960,119.77946773317856
5961,0
5962,0
5963,0
5964,0
5965,0
5966,0
5967,0
5968,0
5969,0
5970,0
5971,0
5972,0
5973,0
5974,0
5975,0
5976,0
5977,0
5978,0
5979,0
5980,0
5981,50.0
5982,100
5983,59.29182301516712
5984,100
5985,50.0
5986,100
5987,50.0
5988,317.251425323599
5989,50.0
5990,0
5991,50.0
5992,122.78573617875287
5993,0
5994,132.01756455403785
5995,0
5996,0
5997,100
5998,0
5999,111.01107813306498
6000,0
6001,70.26923339237842
6002,105.55515344790396
6003,100
6004,0
6005,0
6006,0
6007,0
6008,0
6009,0
6010,0
6011,100
6012,127.91605345342631
6013,260.8113100756548
6014,254.24741795791107
6015,100
6016,100
6017,100
6018,50.0
6019,343.75683224377224
6020,100
6021,100
6022,0
6023,194.8564470074715
6024,0
6025,100
6026,0
6027,100
6028,0
6029,100
6030,0
6031,0
6032,0
6033,0
6034,0
6035,0
6036,0
6037,0
6038,0
6039,0
6040,0
6041,165.1092054450594
6042,0
6043,0
6044,0
6045,145.004295088829
6046,0
6047,100
6048,0
6049,73.8807990877605
6050,138.2574263319592
6051,59.269875074188995
6052,0
6053,0
6054,100
6055,50.0
6056,100
6057,50.0
6058,100
6059,100
6060,70.90964340086262
6061,0
6062,0
6063,0
6064,0
6065,0
6066,0
6067,0
6068,0
6069,0
6070,0
6071,257.56655758692625
6072,50.0
6073,272.6621862615266
6074,50.0
6075,100
6076,83.66370549963725
6077,332.274435584541
6078,50.0
6079,127.39375402387601
6080,0
6081,50.0
6082,121.78973107480095
6083,0
6084,252.61362654347565
6085,0
6086,100
6087,0
6088,211.61136263754258
6089,0
6090,100
6091,61.59912351532671
6092,50.0
6093,170.43274758625427
6094,104.4302011791199
6095,119.43586205554307
6096,100
6097,61.83253411597216
6098,225.1428023171833
6099,50.0
6100,113.91887078902508
6101,0
6102,0
6103,0
6104,0
6105,0
6106,0
6107,0
6108,0
6109,0
6110,0
6111,147.11914747134114
6112,0
6113,100
6114,0
6115,100
6116,0
6117,121.44085850348424
6118,0
6119,100
6120,0
6121,0
6122,0
6123,0
6124,0
6125,0
6126,0
6127,0
6128,0
6129,0
6130,0
6131,141.09994197590578
6132,138.57511144983016
6133,126.97592104573845
6134,201.27543714633288
6135,244.55998528577928
6136,50.0
6137,242.57376624624135
6138,100
6139,152.0753946714013
6140,186.26320190031777
6141,100
6142,100
6143,269.9317085987889
6144,134.2640331108073
6145,124.03960926888377
6146,100
6147,205.23391027841006
6148,100
6149,263.787028453263
6150,0
6151,0
6152,0
6153,0
6154,0
6155,0
6156,109.87446433559134
6157,0
6158,0
6159,141.36486823364675
6160,0
6161,0
6162,0
6163,0
6164,0
6165,0
6166,0
6167,0
6168,0
6169,0
6170,0
6171,0
6172,0
6173,0
6174,0
6175,0
6176,0
6177,0
6178,0
6179,0
6180,0
6181,100
6182,100
6183,279.63626826017685
6184,100
6185,294.78136273077405
6186,150.02578712011874
6187,100
6188,110.59025623907598
6189,100
6190,0
6191,0
6192,0
6193,0
6194,0
6195,0
6196,0
6197,0
6198,0
6199,0
6200,0
6201,118.73284707078571
6202,0
6203,100
6204,0
6205,139.56470827893259
6206,0
6207,50.0
6208,0
6209,103.1349068741806
6210,0
6211,82.54232226735185
6212,100
6213,0
6214,0
6215,0
6216,180.040838103803
6217,0
6218,0
6219,0
6220,0
6221,0
6222,0
6223,0
6224,0
6225,100
6226,120.40583320897612
6227,197.7955463747063
6228,0
6229,0
6230,141.8995684770579
6231,100
6232,100
6233,231.141962996913
6234,193.8770902402063
6235,100
6236,100
6237,280.55005599766827
6238,183.1701684029016
6239,116.79856980601653
6240,191.43840696306356
6241,50.0
6242,100
6243,93.37004099608727
6244,168.63697593837486
6245,88.08901837399418
6246,100
6247,50.0
6248,175.1177279987911
6249,100
6250,0
6251,100
6252,0
6253,100
6254,100
6255,100
6256,100
6257,100
6258,0
6259,0
6260,100
6261,0
6262,0
6263,0
6264,0
6265,0
6266,0
6267,0
6268,0
6269,0
6270,0
6271,225.27846632635112
6272,100
6273,141.93090403659724
6274,100
6275,100
6276,133.4841655544363
6277,100.69420362081154
6278,173.66331290644655
6279,296.2635422922451
6280,100
6281,0
6282,0
6283,0
6284,0
6285,0
6286,0
6287,0
6288,0
6289,0
6290,0
6291,180.15319825223918
6292,0
6293,0
6294,0
6295,0
6296,0
6297,0
6298,0
6299,0
6300,0
6301,0
6302,0
6303,0
6304,0
6305,0
6306,0
6307,0
6308,0
6309,0
6310,0
6311,100
6312,0
6313,105.97622651681897
6314,0
6315,100
6316,0
6317,213.13150879038398
6318,0
6319,100
6320,0
6321,0
6322,0
6323,0
6324,0
6325,0
6326,0
6327,0
6328,0
6329,0
6330,0
6331,0
6332,0
6333,0
6334,0
6335,0
6336,0
6337,0
6338,0
6339,0
6340,0
6341,133.70839754886578
6342,0
6343,100
6344,0
6345,100
6346,0
6347,100
6348,0
6349,298.45715645544993
6350,0
6351,0
6352,50.0
6353,0
6354,63.26696624638656
6355,342.93984006023925
6356,0
6357,0
6358,93.58891321661258
6359,0
6360,0
6361,100.26200507865735
6362,50.0
6363,100
6364,81.53977950409629
6365,100
6366,63.20215848792924
6367,140.45491210839145
6368,50.0
6369,100
6370,0
6371,0
6372,0
6373,0
6374,0
6375,0
6376,100
6377,0
6378,0
6379,0
6380,0
6381,192.65056192417512
6382,0
6383,0
6384,0
6385,100
6386,0
6387,0
6388,0
6389,0
6390,0
6391,100
6392,156.75908921008727
6393,100
6394,100
6395,135.8916135416432
6396,105.7346284378134
6397,100
6398,208.1884542658657
6399,100
6400,100
6401,166.64988987022662
6402,0
6403,0
6404,205.88163229868923
6405,0
6406,100
6407,0
6408,300.71729532496084
6409,0
6410,203.73679948950968
6411,0
6412,0
6413,0
6414,0
6415,0
6416,0
6417,0
6418,0
6419,0
6420,0
6421,130.59883594006627
6422,0
6423,134.3232376926171
6424,0
6425,100
6426,0
6427,100
6428,0
6429,200.01914534434917
6430,0
6431,169.83544834662098
6432,178.6284189017971
6433,121.86404519684986
6434,182.35050838285122
6435,100
6436,100
6437,100
6438,100
6439,100
6440,0
6441,125.44069129839467
6442,146.92788689696832
6443,216.1599322085012
6444,202.26921219612615
6445,102.97520277538277
6446,50.0
6447,224.40084413209047
6448,100
6449,167.14291547230738
6450,100
6451,0
6452,0
6453,0
6454,0
6455,0
6456,0
6457,0
6458,0
6459,0
6460,0
6461,0
6462,0
6463,0
6464,0
6465,0
6466,0
6467,0
6468,0
6469,0
6470,0
6471,175.84674725250812
6472,0
6473,115.28413981545853
6474,0
6475,0
6476,0
6477,100
6478,0
6479,87.56860095714435
6480,0
6481,100
6482,0
6483,0
6484,0
6485,100
6486,0
6487,0
6488,0
6489,100
6490,0
6491,153.9205261436412
6492,254.97768432375173
6493,100
6494,111.6848694504334
6495,0
6496,0
6497,0
6498,100
6499,100
6500,100
6501,100
6502,118.10618696724694
6503,171.95543740580723
6504,100
6505,100
6506,147.32861893751326
6507,100
6508,100
6509,184.00513616423265
6510,0
6511,112.78359077103835
6512,0
6513,100
6514,0
6515,100
6516,0
6517,100
6518,0
6519,126.10691045458623
6520,0
6521,0
6522,0
6523,0
6524,0
6525,0
6526,0
6527,0
6528,0
6529,0
6530,0
6531,0
6532,0
6533,0
6534,0
6535,0
6536,0
6537,0
6538,0
6539,0
6540,0
6541,100
6542,204.95061586838125
6543,50.0
6544,100
6545,71.08672648190384
6546,234.70126298879507
6547,50.0
6548,50.0
6549,100
6550,100
6551,0
6552,0
6553,0
6554,0
6555,0
6556,0
6557,0
6558,0
6559,0
6560,0
6561,0
6562,100
6563,0
6564,0
6565,0
6566,0
6567,100
6568,0
6569,100
6570,50.0
6571,112.07539014615215
6572,50.0
6573,100
6574,126.91566261870739
6575,106.74981878390838
6576,100
6577,100
6578,50.0
6579,100
6580,0
6581,0
6582,0
6583,0
6584,0
6585,0
6586,0
6587,0
6588,0
6589,0
6590,0
6591,111.35056773306714
6592,0
6593,50.0
6594,0
6595,50.0
6596,0
6597,100
6598,0
6599,110.3199785508098
6600,0
6601,139.35161362495222
6602,0
6603,100
6604,0
6605,0
6606,0
6607,0
6608,0
6609,0
6610,0
6611,0
6612,0
6613,0
6614,0
6615,0
6616,0
6617,0
6618,0
6619,0
6620,0
6621,163.2008504480185
6622,100
6623,100
6624,109.260805049724
6625,100
6626,100
6627,293.8340300616468
6628,100
6629,100
6630,50.0
6631,0
6632,0
6633,0
6634,0
6635,0
6636,0
6637,0
6638,0
6639,0
6640,0
6641,0
6642,100
6643,0
6644,0
6645,0
6646,0
6647,128.04178904422218
6648,0
6649,104.74581793490856
6650,0
6651,139.97117028692062
6652,100
6653,184.62264755229808
6654,100
6655,100
6656,100
6657,50.0
6658,100
6659,100
6660,162.63149020736822
6661,195.65494311714366
6662,100
6663,172.0096545725998
6664,100
6665,100
6666,100
6667,202.25330191768612
6668,160.013273503852
6669,154.08197860419608
6670,0
6671,0
6672,0
6673,0
6674,0
6675,0
6676,0
6677,0
6678,0
6679,0
6680,0
6681,138.86846182304237
6682,0
6683,0
6684,0
6685,0
6686,143.76946691854855
6687,0
6688,0
6689,0
6690,202.18536631896632
6691,0
6692,0
6693,0
6694,0
6695,0
6696,0
6697,0
6698,0
6699,0
6700,0
6701,0
6702,0
6703,0
6704,0
6705,0
6706,0
6707,0
6708,0
6709,0
6710,0
6711,129.39843884483182
6712,0
6713,201.06054199668625
6714,0
6715,170.79167443019298
6716,0
6717,100
6718,0
6719,130.52564395475372
6720,0
6721,50.0
6722,286.9778441886084
6723,0
6724,100
6725,0
6726,100
6727,0
6728,0
6729,0
6730,0
6731,0
6732,0
6733,0
6734,100
6735,100
6736,0
6737,0
6738,0
6739,100
6740,0
6741,0
6742,0
6743,0
6744,0
6745,0
6746,0
6747,0
6748,0
6749,0
6750,0
6751,100
6752,100
6753,215.14696198727225
6754,127.32181615408838
6755,315.6152306792505
6756,100
6757,100
6758,100
6759,125.20978097656078
6760,150.66942830166872
6761,100
6762,0
6763,100
6764,0
6765,113.90315035208205
6766,0
6767,100
6768,0
6769,100
6770,0
6771,100
6772,253.54496740831348
6773,100
6774,102.97215485934102
6775,185.30705919106148
6776,100
6777,284.3960621545731
6778,100
6779,100
6780,0
6781,0
6782,0
6783,0
6784,0
6785,0
6786,0
6787,0
6788,0
6789,0
6790,0
6791,0
6792,0
6793,0
6794,100
6795,0
6796,0
6797,0
6798,0
6799,0
6800,0
6801,100
6802,0
6803,0
6804,0
6805,0
6806,0
6807,0
6808,0
6809,0
6810,0
6811,0
6812,0
6813,100
6814,0
6815,249.53662802985968
6816,0
6817,0
6818,223.12853279089381
6819,0
6820,0
6821,0
6822,0
6823,0
6824,0
6825,0
6826,0
6827,0
6828,0
6829,0
6830,0
6831,100
6832,100
6833,100
6834,100
6835,216.78510156723672
6836,100
6837,139.3614536944316
6838,181.0313715974283
6839,100
6840,100
6841,100
6842,100
6843,196.4243031244698
6844,100
6845,100
6846,100
6847,100
6848,128.2465581243269
6849,213.57937280261854
6850,0
6851,285.995122886341
6852,0
6853,187.80635651506617
6854,0
6855,100
6856,0
6857,100
6858,0
6859,100
6860,0
6861,100
6862,0
6863,0
6864,0
6865,0
6866,0
6867,0
6868,179.16717909235072
6869,0
6870,0
6871,0
6872,0
6873,0
6874,0
6875,0
6876,0
6877,0
6878,0
6879,0
6880,0
6881,61.285739797658664
6882,100
6883,67.77980177716547
6884,109.12006033290665
6885,50.0
6886,140.5782535652646
6887,50.0
6888,100
6889,72.98795424238494
6890,308.2147951254773
6891,55.57604278973579
6892,332.08141929292503
6893,94.4205193686855
6894,100
6895,116.1602836438958
6896,196.0859931599481
6897,55.88350893401052
6898,100
6899,50.0
6900,0
6901,123.19193705248938
6902,115.10780211234966
6903,100
6904,149.3440884790322
6905,77.93654461379577
6906,266.3444459466116
6907,50.0
6908,263.420590250449
6909,50.0
6910,100
6911,50.0
6912,105.93901042912071
6913,161.4432519228046
6914,0
6915,0
6916,261.6931579325995
6917,0
6918,100
6919,0
6920,100
6921,0
6922,0
6923,0
6924,0
6925,0
6926,0
6927,0
6928,0
6929,0
6930,0
6931,101.48519723547295
6932,0
6933,100
6934,0
6935,100
6936,0
6937,100
6938,0
6939,100
6940,0
6941,0
6942,0
6943,0
6944,0
6945,100
6946,0
6947,100
6948,0
6949,0
6950,0
6951,0
6952,0
6953,0
6954,0
6955,0
6956,0
6957,0
6958,0
6959,0
6960,0
6961,0
6962,0
6963,0
6964,0
6965,0
6966,0
6967,0
6968,0
6969,0
6970,0
6971,100
6972,100
6973,162.68694496005736
6974,200.724606124179
6975,189.62110397639066
6976,191.83323237338186
6977,232.12513031653498
6978,100
6979,108.60848281722899
6980,145.56425086543587
6981,100
6982,0
6983,100
6984,0
6985,196.62476341715274
6986,0
6987,179.80997705352644
6988,0
6989,100
6990,0
6991,100
6992,0
6993,0
6994,100.41561603844829
6995,0
6996,0
6997,0
6998,0
6999,0
7000,0
7001,100
7002,100
7003,111.69305125352956
7004,168.38842271280123
7005,50.0
7006,204.1339656861976
7007,100
7008,179.73743499466383
7009,100
7010,0
7011,0
7012,0
7013,0
7014,0
7015,0
7016,100
7017,0
7018,0
7019,0
7020,0
7021,0
7022,100
7023,145.50367203852187
7024,186.66797484354404
7025,0
7026,0
7027,100
7028,203.57194031959236
7029,0
7030,100
7031,0
7032,0
7033,0
7034,0
7035,0
7036,0
7037,0
7038,0
7039,0
7040,0
7041,51.584876200211525
7042,68.77543503767747
7043,100
7044,50.0
7045,100
7046,57.47653835035132
7047,119.3199211809353
7048,122.94236432027935
7049,100
7050,50.0
7051,0
7052,0
7053,0
7054,0
7055,0
7056,0
7057,0
7058,0
7059,0
7060,0
7061,190.65822740819007
7062,0
7063,0
7064,0
7065,100
7066,0
7067,0
7068,0
7069,0
7070,0
7071,100
7072,0
7073,100
7074,0
7075,100
7076,0
7077,286.3615858066405
7078,0
7079,100
7080,0
7081,0
7082,0
7083,0
7084,0
7085,0
7086,0
7087,0
7088,0
7089,0
7090,0
7091,101.1697693628748
7092,282.71664615779
7093,0
7094,60.93155622554994
7095,86.36135963303332
7096,100
7097,0
7098,100
7099,0
7100,0
7101,50.0
7102,223.65175860241794
7103,50.0
7104,170.34222187653404
7105,149.61056474790607
7106,275.2862928450006
7107,50.0
7108,100
7109,95.78108529787943
7110,170.67262394969123
7111,62.58225806359353
7112,158.49474976224778
7113,50.0
7114,100
7115,68.81409817059402
7116,225.24901716200785
7117,70.99475173882365
7118,140.66902835925853
7119,50.0
7120,0
7121,100
7122,0
7123,0
7124,0
7125,0
7126,0
7127,0
7128,0
7129,0
7130,0
7131,0
7132,0
7133,0
7134,0
7135,0
7136,0
7137,0
7138,0
7139,0
7140,0
7141,0
7142,0
7143,0
7144,0
7145,0
7146,0
7147,0
7148,0
7149,0
7150,0
7151,192.9732050879386
7152,0
7153,100
7154,0
7155,169.58630293677993
7156,0
7157,218.66239395636143
7158,0
7159,0
7160,0
7161,50.0
7162,0
7163,0
7164,0
7165,0
7166,50.0
7167,0
7168,0
7169,0
7170,0
7171,220.36661679744725
7172,0
7173,219.85793886311956
7174,0
7175,198.61152351517097
7176,0
7177,100
7178,0
7179,182.76633405108717
7180,0
7181,100
7182,186.83849656162522
7183,111.041886824187
7184,113.29514473569066
7185,239.0327193002886
7186,162.9300561129487
7187,246.79657548005883
7188,214.291763814733
7189,103.52852843809467
7190,0
7191,74.8234636655728
7192,169.0782278901247
7193,100
7194,100
7195,100
7196,184.79074847413693
7197,235.2186939610159
7198,100
7199,117.26115775752264
7200,100
7201,50.0
7202,50.0
7203,108.35449975712345
7204,100
7205,59.07198715648569
7206,100
7207,50.0
7208,100
7209,50.0
7210,184.1244898116995
7211,62.181699218416256
7212,100
7213,0
7214,100
7215,0
7216,100
7217,0
7218,194.3697604093661
7219,0
7220,127.16047924070656
7221,92.09879307092461
7222,100
7223,50.0
7224,100
7225,50.0
7226,161.3739938866251
7227,50.0
7228,100
7229,50.0
7230,0
7231,0
7232,0
7233,0
7234,0
7235,0
7236,0
7237,0
7238,0
7239,0
7240,0
7241,0
7242,0
7243,0
7244,0
7245,0
7246,0
7247,0
7248,0
7249,0
7250,0
7251,104.85329856376894
7252,101.54262128236299
7253,100
7254,0
7255,0
7256,0
7257,100
7258,0
7259,166.03283246953595
7260,0
7261,110.88048033234504
7262,0
7263,52.35931866403552
7264,0
7265,50.0
7266,0
7267,50.0
7268,0
7269,86.47290910428754
7270,0
7271,100
7272,100
7273,219.6545902175368
7274,140.06852800832823
7275,100
7276,100
7277,100
7278,100
7279,100
7280,219.87245797535297
7281,0
7282,0
7283,0
7284,0
7285,0
7286,0
7287,0
7288,0
7289,0
7290,0
7291,127.4213469992008
7292,0
7293,0
7294,0
7295,0
7296,0
7297,0
7298,0
7299,0
7300,0
7301,126.17484943233978
7302,100
7303,143.14909126185952
7304,100
7305,181.79396851943818
7306,100
7307,194.92532926419386
7308,104.42761800387505
7309,100
7310,0
7311,0
7312,0
7313,0
7314,0
7315,0
7316,0
7317,0
7318,0
7319,0
7320,0
7321,0
7322,0
7323,0
7324,0
7325,0
7326,0
7327,0
7328,0
7329,0
7330,0
7331,157.68220864296939
7332,100
7333,100
7334,100
7335,100
7336,72.63983984554636
7337,50.0
7338,100
7339,170.63218669387865
7340,100
7341,99.67141940596545
7342,0
7343,50.0
7344,0
7345,190.3628754941143
7346,0
7347,50.0
7348,0
7349,73.7220077346134
7350,0
7351,158.28233290914585
7352,0
7353,202.74498577596353
7354,186.09743353547645
7355,0
7356,0
7357,0
7358,0
7359,0
7360,0
7361,115.1893601324768
7362,0
7363,0
7364,0
7365,0
7366,0
7367,0
7368,0
7369,0
7370,100
7371,0
7372,0
7373,50.0
7374,0
7375,0
7376,100
7377,50.0
7378,0
7379,0
7380,0
7381,78.81017610484159
7382,0
7383,0
7384,0
7385,61.64632209776851
7386,0
7387,0
7388,100
7389,0
7390,154.7009947274468
7391,210.91936082057236
7392,100
7393,100
7394,185.38289590204656
7395,121.98896220533595
7396,100
7397,126.19922022998051
7398,100
7399,155.43161229054732
7400,0
7401,0
7402,0
7403,0
7404,0
7405,0
7406,0
7407,0
7408,0
7409,0
7410,0
7411,71.00546956411591
7412,0
7413,204.77450021371993
7414,0
7415,50.0
7416,0
7417,50.0
7418,0
7419,50.0
7420,0
7421,0
7422,0
7423,0
7424,0
7425,0
7426,0
7427,0
7428,0
7429,0
7430,0
7431,100
7432,100
7433,100
7434,100
7435,100
7436,100
7437,103.20337280008617
7438,50.0
7439,189.56766842675796
7440,206.13463781884602
7441,0
7442,0
7443,0
7444,0
7445,0
7446,0
7447,0
7448,0
7449,0
7450,0
7451,100
7452,107.05223536184229
7453,150.61871811368655
7454,100
7455,133.16196024337341
7456,57.28079462060826
7457,100.08117013190858
7458,100
7459,261.58846523642376
7460,0
7461,0
7462,0
7463,0
7464,160.65131608477293
7465,100
7466,152.7663230252885
7467,0
7468,100
7469,134.4266679615161
7470,0
7471,0
7472,138.19092000782084
7473,0
7474,0
7475,0
7476,0
7477,274.70116144208873
7478,0
7479,0
7480,0
7481,0
7482,0
7483,0
7484,0
7485,0
7486,0
7487,0
7488,0
7489,0
7490,0
7491,50.0
7492,100
7493,0
7494,0
7495,0
7496,233.5701591501856
7497,0
7498,0
7499,0
7500,0
7501,100
7502,100
7503,100
7504,132.2440990682655
7505,317.49842571945055
7506,217.84034477965224
7507,234.37233723789143
7508,139.72520006035484
7509,100
7510,100
7511,100
7512,0
7513,100
7514,0
7515,100
7516,0
7517,177.76059000662806
7518,0
7519,100
7520,0
7521,0
7522,0
7523,0
7524,0
7525,0
7526,148.4165340914917
7527,100
7528,0
7529,0
7530,0
7531,100
7532,154.43404967946793
7533,100
7534,78.70729545246286
7535,0
7536,0
7537,100
7538,99.70333871042021
7539,0
7540,92.88735427355675
7541,100
7542,0
7543,0
7544,0
7545,0
7546,0
7547,0
7548,0
7549,0
7550,0
7551,0
7552,0
7553,0
7554,0
7555,0
7556,0
7557,0
7558,0
7559,0
7560,0
7561,0
7562,0
7563,0
7564,0
7565,0
7566,0
7567,0
7568,0
7569,0
7570,0
7571,100
7572,50.0
7573,100
7574,77.3236642131381
7575,100
7576,51.001409838740734
7577,239.6902657491143
7578,59.12904069441365
7579,51.20539082651746
7580,0
7581,100
7582,0
7583,255.13067969840935
7584,0
7585,137.39674427798008
7586,0
7587,108.71258728618557
7588,0
7589,100
7590,0
7591,100
7592,50.0
7593,402.81709513354633
7594,50.0
7595,302.14820472288716
7596,50.0
7597,100
7598,50.0
7599,196.69417793715652
7600,50.0
7601,50.0
7602,50.0
7603,148.9817783274799
7604,50.0
7605,100
7606,137.35853043845046
7607,50.0
7608,50.0
7609,100
7610,0
7611,118.30436582573682
7612,0
7613,100
7614,0
7615,100
7616,0
7617,114.08984446084877
7618,0
7619,136.03489307760572
7620,0
7621,100
7622,50.0
7623,100
7624,0
7625,127.13587762983016
7626,66.90962373366378
7627,100
7628,0
7629,50.0
7630,0
7631,0
7632,0
7633,0
7634,0
7635,0
7636,0
7637,0
7638,0
7639,0
7640,0
7641,59.21162180524375
7642,100
7643,59.04391668818774
7644,100
7645,101.34455907496697
7646,263.10677442401123
7647,126.13993983251571
7648,218.58826516033702
7649,50.0
7650,100
7651,0
7652,0
7653,0
7654,0
7655,126.00314958079582
7656,0
7657,0
7658,222.6706440493187
7659,80.83482781235483
7660,173.5682687075392
7661,50.0
7662,100
7663,0
7664,50.0
7665,100
7666,0
7667,0
7668,183.33114138976558
7669,0
7670,108.19214774525425
7671,0
7672,0
7673,0
7674,0
7675,0
7676,0
7677,0
7678,0
7679,0
7680,0
7681,77.94112128837358
7682,97.5270356982007
7683,100
7684,0
7685,105.80560769195607
7686,0
7687,195.14193719456563
7688,0
7689,100
7690,0
7691,167.32854925885698
7692,0
7693,122.79146151828837
7694,0
7695,100
7696,0
7697,211.96296621872824
7698,0
7699,100
7700,0
7701,0
7702,0
7703,0
7704,0
7705,0
7706,0
7707,0
7708,0
7709,0
7710,0
7711,0
7712,0
7713,0
7714,0
7715,0
7716,0
7717,0
7718,0
7719,0
7720,0
7721,96.51944485019771
7722,165.50209260832685
7723,50.0
7724,100
7725,50.0
7726,100
7727,50.0
7728,100
7729,73.26239343499124
7730,0
7731,161.40717500711597
7732,0
7733,78.36139379861791
7734,0
7735,0
7736,195.87874094404245
7737,0
7738,0
7739,0
7740,112.48070367653948
7741,115.7719515393164
7742,100
7743,50.0
7744,66.38923755214171
7745,253.29378786510702
7746,50.0
7747,100
7748,100
7749,50.0
7750,247.80197804161037
7751,0
7752,0
7753,100
7754,0
7755,0
7756,100
7757,0
7758,0
7759,0
7760,0
7761,348.34037868723357
7762,0
7763,0
7764,0
7765,0
7766,0
7767,0
7768,0
7769,0
7770,0
7771,0
7772,0
7773,0
7774,0
7775,0
7776,0
7777,0
7778,0
7779,0
7780,0
7781,0
7782,0
7783,0
7784,0
7785,163.57951324159257
7786,50.0
7787,100
7788,69.53436941709076
7789,0
7790,0
7791,100
7792,0
7793,137.39499466861793
7794,0
7795,100
7796,0
7797,100
7798,0
7799,100
7800,0
7801,181.42486889066302
7802,0
7803,100
7804,0
7805,100
7806,0
7807,196.73438254477801
7808,0
7809,113.76646800416522
7810,0
7811,0
7812,0
7813,0
7814,119.97074897867071
7815,0
7816,100
7817,0
7818,100
7819,0
7820,0
7821,97.07403904946933
7822,100
7823,61.6310768884292
7824,50.0
7825,187.245596725352
7826,100
7827,70.85554674143418
7828,100
7829,50.0
7830,0
7831,111.41340176370468
7832,229.40964395703992
7833,50.0
7834,100
7835,122.7410888060308
7836,100
7837,87.83799933436893
7838,100
7839,50.0
7840,231.06654615403122
7841,0
7842,50.0
7843,0
7844,0
7845,139.1182358418907
7846,100
7847,50.0
7848,77.01701215778849
7849,0
7850,206.5092440036072
7851,50.0
7852,50.0
7853,100
7854,0
7855,176.26939022252608
7856,0
7857,100
7858,0
7859,100
7860,0
7861,0
7862,0
7863,0
7864,0
7865,0
7866,0
7867,0
7868,0
7869,68.55295998818788
7870,0
7871,50.0
7872,100
7873,96.26887578700777
7874,100
7875,50.0
7876,100
7877,50.0
7878,100
7879,50.0
7880,180.25578839678425
7881,50.0
7882,209.35152001787256
7883,54.33226056192089
7884,111.5579107454446
7885,100
7886,100
7887,133.7432957408937
7888,127.2817558248276
7889,287.1246082763299
7890,0
7891,0
7892,0
7893,0
7894,0
7895,0
7896,0
7897,0
7898,0
7899,0
7900,0
7901,0
7902,0
7903,0
7904,0
7905,0
7906,0
7907,0
7908,0
7909,0
7910,0
7911,69.05474178063619
7912,0
7913,105.45592657861144
7914,0
7915,50.0
7916,0
7917,100
7918,0
7919,100
7920,0
7921,103.42162481440717
7922,0
7923,0
7924,0
7925,0
7926,0
7927,0
7928,0
7929,0
7930,0
7931,0
7932,0
7933,0
7934,0
7935,0
7936,0
7937,0
7938,0
7939,0
7940,0
7941,50.0
7942,0
7943,100
7944,50.0
7945,0
7946,0
7947,100
7948,80.04598128545933
7949,0
7950,0
7951,169.98104829723843
7952,0
7953,50.0
7954,0
7955,91.6471372404495
7956,0
7957,164.54334855926285
7958,0
7959,50.0
7960,0
7961,50.0
7962,106.93406012853693
7963,109.15773108975313
7964,132.77630173611834
7965,124.3586219612018
7966,100
7967,53.71651110902531
7968,302.32968640503253
7969,94.66665858501577
7970,0
7971,53.939647870549415
7972,100
7973,0
7974,155.0190376825378
7975,0
7976,100
7977,0
7978,231.82503347827134
7979,0
7980,50.0
7981,0
7982,0
7983,0
7984,173.08152825106552
7985,0
7986,100
7987,50.0
7988,117.85073446679004
7989,0
7990,0
7991,50.0
7992,100
7993,50.0
7994,171.77348830501808
7995,52.626991067082336
7996,100
7997,84.21248738805885
7998,100
7999,151.78951356457742
8000,267.13180995614425
